<?xml version="1.0" encoding="UTF-8"?>
<prgs:model xmlns:prgs="http://www.progress.com/caf/camel/component/prgrs" id="resourceModel">
  <prgs:resource consumes="application/json" name="_getBediener" path="/getBediener" produces="application/json">
    <prgs:operation consumes="application/json" idls="VHPWebBased/.services/web-read-bedienerbl.pidl::com.progress.openedge.pdt.bpmbindings" name="web-read-bedienerbl" produces="application/json" verb="POST"/>
  </prgs:resource>
  <prgs:resource consumes="application/json" name="_getArtikel" path="/getArtikel" produces="application/json">
    <prgs:operation consumes="application/json" idls="VHPWebBased/.services/web-load-artikelbl.pidl::com.progress.openedge.pdt.bpmbindings" name="web-load-artikelbl" produces="application/json" verb="POST"/>
  </prgs:resource>
  <prgs:resource consumes="application/json" name="_getGCFNation" path="/getGCFNation" produces="application/json">
    <prgs:operation consumes="application/json" idls="VHPWebBased/.services/web-gcf-nationbl.pidl::com.progress.openedge.pdt.bpmbindings" name="web-gcf-nationbl" produces="application/json" verb="POST"/>
  </prgs:resource>
  <prgs:resource consumes="application/json" name="_getLSegment" path="/getLSegment" produces="application/json">
    <prgs:operation consumes="application/json" idls="VHPWebBased/.services/web-load-l-segmentbl.pidl::com.progress.openedge.pdt.bpmbindings" name="web-load-l-segmentbl" produces="application/json" verb="POST"/>
  </prgs:resource>
  <prgs:resource consumes="application/json" name="_prepareChgGLJournal" path="/prepareChgGLJournal" produces="application/json">
    <prgs:operation consumes="application/json" idls="VHPWebBased/.services/web-prepare-chg-gljourn_1bl.pidl::com.progress.openedge.pdt.bpmbindings" name="web-prepare-chg-gljourn_1bl" produces="application/json" verb="POST"/>
  </prgs:resource>
  <prgs:resource consumes="application/json" name="_readGLAcct" path="/readGLAcct" produces="application/json">
    <prgs:operation consumes="application/json" idls="VHPWebBased/.services/web-read-gl-acct_1bl.pidl::com.progress.openedge.pdt.bpmbindings" name="web-read-gl-acct_1bl" produces="application/json" verb="POST"/>
  </prgs:resource>
  <prgs:resource consumes="application/json" name="_chgGLJournBtnDel" path="/chgGLJournBtnDel" produces="application/json">
    <prgs:operation consumes="application/json" idls="VHPWebBased/.services/web-chg-gljourn-btn-del_1bl.pidl::com.progress.openedge.pdt.bpmbindings" name="web-chg-gljourn-btn-del_1bl" produces="application/json" verb="POST"/>
  </prgs:resource>
  <prgs:resource consumes="application/json" name="_chgGLJournBtnGo" path="/chgGLJournBtnGo" produces="application/json">
    <prgs:operation consumes="application/json" idls="VHPWebBased/.services/web-chg-gljourn-btn-go_1bl.pidl::com.progress.openedge.pdt.bpmbindings" name="web-chg-gljourn-btn-go_1bl" produces="application/json" verb="POST"/>
  </prgs:resource>
  <prgs:resource consumes="application/json" name="_checkPermission" path="/checkPermission" produces="application/json">
    <prgs:operation consumes="application/json" idls="VHPWebBased/.services/web-zugriff-test.pidl::com.progress.openedge.pdt.bpmbindings" name="web-zugriff-test" produces="application/json" verb="POST"/>
  </prgs:resource>
  <prgs:resource consumes="application/json" name="_selectAccount" path="/selectAccount" produces="application/json">
    <prgs:operation consumes="application/json" idls="VHPWebBased/.services/web-prepare-select-glacctbl.pidl::com.progress.openedge.pdt.bpmbindings" name="web-prepare-select-glacctbl" produces="application/json" verb="POST"/>
  </prgs:resource>
  <prgs:resource consumes="application/json" name="_getLoadBrief" path="/getLoadBrief" produces="application/json">
    <prgs:operation consumes="application/json" idls="VHPWebBased/.services/web-load-briefbl.pidl::com.progress.openedge.pdt.bpmbindings" name="web-load-briefbl" produces="application/json" verb="POST"/>
  </prgs:resource>
  <prgs:resource consumes="application/json" name="_getGuestbook" path="/getGuestbook" produces="application/json">
    <prgs:operation consumes="application/json" idls="VHPWebBased/.services/web-guestbook-opr-listbl.pidl::com.progress.openedge.pdt.bpmbindings" name="web-guestbook-opr-listbl" produces="application/json" verb="POST"/>
  </prgs:resource>
  <prgs:resource consumes="application/json" name="_getReadGLJouHdr" path="/getReadGLJouHdr" produces="application/json">
    <prgs:operation consumes="application/json" idls="VHPWebBased/.services/web-delete-gl-jouhdrbl.pidl::com.progress.openedge.pdt.bpmbindings" name="web-delete-gl-jouhdrbl" produces="application/json" verb="POST"/>
  </prgs:resource>
  <prgs:resource consumes="application/json" name="_getModifyGCJour" path="/getModifyGCJour" produces="application/json">
    <prgs:operation consumes="application/json" idls="VHPWebBased/.services/web-read-gl-journalbl.pidl::com.progress.openedge.pdt.bpmbindings" name="web-read-gl-journalbl" produces="application/json" verb="POST"/>
  </prgs:resource>
  <prgs:resource consumes="application/json" name="_getAllGuestList" path="/getAllGuestList" produces="application/json">
    <prgs:operation consumes="application/json" idls="VHPWebBased/.services/web-gcf-list_2bl.pidl::com.progress.openedge.pdt.bpmbindings" name="web-gcf-list_2bl" produces="application/json" verb="POST"/>
  </prgs:resource>
  <prgs:resource consumes="application/json" name="_writeHtparam1" path="/writeHtparam1" produces="application/json">
    <prgs:operation consumes="application/json" idls="VHPWebBased/.services/web-write-htparam_1bl.pidl::com.progress.openedge.pdt.bpmbindings" name="web-write-htparam_1bl" produces="application/json" verb="POST"/>
  </prgs:resource>
  <prgs:resource consumes="application/json" name="_getGLJoulist_1" path="/getGLJoulist_1" produces="application/json">
    <prgs:operation consumes="application/json" idls="VHPWebBased/.services/web-gl-joulist_1-webbl.pidl::com.progress.openedge.pdt.bpmbindings" name="web-gl-joulist_1-webbl" produces="application/json" verb="POST"/>
  </prgs:resource>
  <prgs:resource consumes="application/json" name="_getGLViewTransaction" path="/getGLViewTransaction" produces="application/json">
    <prgs:operation consumes="application/json" idls="VHPWebBased/.services/web-gl-view-transactionbl.pidl::com.progress.openedge.pdt.bpmbindings" name="web-gl-view-transactionbl" produces="application/json" verb="POST"/>
  </prgs:resource>
  <prgs:resource consumes="application/json" name="_glJourtransPrepare" path="/glJourtransPrepare" produces="application/json">
    <prgs:operation consumes="application/json" idls="VHPWebBased/.services/web-prepare-gljour-listbl.pidl::com.progress.openedge.pdt.bpmbindings" name="web-prepare-gljour-listbl" produces="application/json" verb="POST"/>
  </prgs:resource>
  <prgs:resource consumes="application/json" name="_glJourtransLoadData" path="/glJourtransLoadData" produces="application/json">
    <prgs:operation consumes="application/json" idls="VHPWebBased/.services/web-gljour-listbl.pidl::com.progress.openedge.pdt.bpmbindings" name="web-gljour-listbl" produces="application/json" verb="POST"/>
  </prgs:resource>
  <prgs:resource consumes="application/json" name="_glJourtransNewjour" path="/glJourtransNewjour" produces="application/json">
    <prgs:operation consumes="application/json" idls="VHPWebBased/.services/web-check-btn-new-gljour-listbl.pidl::com.progress.openedge.pdt.bpmbindings" name="web-check-btn-new-gljour-listbl" produces="application/json" verb="POST"/>
  </prgs:resource>
  <prgs:resource consumes="application/json" name="_glJourtransPreparePostJournal" path="/glJourtransPreparePostJournal" produces="application/json">
    <prgs:operation consumes="application/json" idls="VHPWebBased/.services/web-prepare-gl-postjournbl.pidl::com.progress.openedge.pdt.bpmbindings" name="web-prepare-gl-postjournbl" produces="application/json" verb="POST"/>
  </prgs:resource>
  <prgs:resource consumes="application/json" name="_glJourtransPostJournal" path="/glJourtransPostJournal" produces="application/json">
    <prgs:operation consumes="application/json" idls="VHPWebBased/.services/web-gl-postjournbl.pidl::com.progress.openedge.pdt.bpmbindings" name="web-gl-postjournbl" produces="application/json" verb="POST"/>
  </prgs:resource>
  <prgs:resource consumes="application/json" name="_glJourtransPostJournalAcct" path="/glJourtransPostJournalAcct" produces="application/json">
    <prgs:operation consumes="application/json" idls="VHPWebBased/.services/web-gl-postjourn-gl-acct2bl.pidl::com.progress.openedge.pdt.bpmbindings" name="web-gl-postjourn-gl-acct2bl" produces="application/json" verb="POST"/>
  </prgs:resource>
  <prgs:resource consumes="application/json" name="_glJourtransFillList" path="/glJourtransFillList" produces="application/json">
    <prgs:operation consumes="application/json" idls="VHPWebBased/.services/web-gl-postjourn-fill-listbl.pidl::com.progress.openedge.pdt.bpmbindings" name="web-gl-postjourn-fill-listbl" produces="application/json" verb="POST"/>
  </prgs:resource>
  <prgs:resource consumes="application/json" name="_glJourtransPostJournalBtnGo" path="/glJourtransPostJournalBtnGo" produces="application/json">
    <prgs:operation consumes="application/json" idls="VHPWebBased/.services/web-gl-postjourn-btn-gobl.pidl::com.progress.openedge.pdt.bpmbindings" name="web-gl-postjourn-btn-gobl" produces="application/json" verb="POST"/>
  </prgs:resource>
  <prgs:resource consumes="application/json" name="_chgGLJournalFillGL" path="/chgGLJournalFillGL" produces="application/json">
    <prgs:operation consumes="application/json" idls="VHPWebBased/.services/web-chg-gljourn-fill-gl-journalbl.pidl::com.progress.openedge.pdt.bpmbindings" name="web-chg-gljourn-fill-gl-journalbl" produces="application/json" verb="POST"/>
  </prgs:resource>
  <prgs:resource consumes="application/json" name="_chgGLJournalBtnGo1" path="/chgGLJournalBtnGo1" produces="application/json">
    <prgs:operation consumes="application/json" idls="VHPWebBased/.services/web-chg-gl-journ-btn-go1bl.pidl::com.progress.openedge.pdt.bpmbindings" name="web-chg-gl-journ-btn-go1bl" produces="application/json" verb="POST"/>
  </prgs:resource>
  <prgs:resource consumes="application/json" name="_chgGLJournalBtnDel" path="/chgGLJournalBtnDel" produces="application/json">
    <prgs:operation consumes="application/json" idls="VHPWebBased/.services/web-chg-gljourn-btn-delbl.pidl::com.progress.openedge.pdt.bpmbindings" name="web-chg-gljourn-btn-delbl" produces="application/json" verb="POST"/>
  </prgs:resource>
  <prgs:resource consumes="application/json" name="_glJourtransDelJouhdr" path="/glJourtransDelJouhdr" produces="application/json">
    <prgs:operation consumes="application/json" idls="VHPWebBased/.services/web-delete-gl-jouhdr_1bl.pidl::com.progress.openedge.pdt.bpmbindings" name="web-delete-gl-jouhdr_1bl" produces="application/json" verb="POST"/>
  </prgs:resource>
  <prgs:resource consumes="application/json" name="_glJourtransOnclick" path="/glJourtransOnclick" produces="application/json">
    <prgs:operation consumes="application/json" idls="VHPWebBased/.services/web-gljour-list2bl.pidl::com.progress.openedge.pdt.bpmbindings" name="web-gljour-list2bl" produces="application/json" verb="POST"/>
  </prgs:resource>
  <prgs:resource consumes="application/json" name="_glJourtransCopyJournPrepare" path="/glJourtransCopyJournPrepare" produces="application/json">
    <prgs:operation consumes="application/json" idls="VHPWebBased/.services/web-prepare-copy-journalbl.pidl::com.progress.openedge.pdt.bpmbindings" name="web-prepare-copy-journalbl" produces="application/json" verb="POST"/>
  </prgs:resource>
  <prgs:resource consumes="application/json" name="_glJourtransCopyJournal" path="/glJourtransCopyJournal" produces="application/json">
    <prgs:operation consumes="application/json" idls="VHPWebBased/.services/web-copy-journalbl.pidl::com.progress.openedge.pdt.bpmbindings" name="web-copy-journalbl" produces="application/json" verb="POST"/>
  </prgs:resource>
  <prgs:resource consumes="application/json" name="_loadQueasy" path="/loadQueasy" produces="application/json">
    <prgs:operation consumes="application/json" idls="VHPWebBased/.services/web-load-queasybl.pidl::com.progress.openedge.pdt.bpmbindings" name="web-load-queasybl" produces="application/json" verb="POST"/>
  </prgs:resource>
  <prgs:resource consumes="application/json" name="_loadHArtikel" path="/loadHArtikel" produces="application/json">
    <prgs:operation consumes="application/json" idls="VHPWebBased/.services/web-load-h-artikelbl.pidl::com.progress.openedge.pdt.bpmbindings" name="web-load-h-artikelbl" produces="application/json" verb="POST"/>
  </prgs:resource>
  <prgs:resource consumes="application/json" name="_loadHotelDepartment" path="/loadHotelDepartment" produces="application/json">
    <prgs:operation consumes="application/json" idls="VHPWebBased/.services/web-load-hoteldptbl.pidl::com.progress.openedge.pdt.bpmbindings" name="web-load-hoteldptbl" produces="application/json" verb="POST"/>
  </prgs:resource>
  <prgs:resource consumes="application/json" name="_loadArtikel" path="/loadArtikel" produces="application/json">
    <prgs:operation consumes="application/json" idls="VHPWebBased/.services/web-load-artikel_1bl.pidl::com.progress.openedge.pdt.bpmbindings" name="web-load-artikel_1bl" produces="application/json" verb="POST"/>
  </prgs:resource>
  <prgs:resource consumes="application/json" name="_selectSystemUser" path="/selectSystemUser" produces="application/json">
    <prgs:operation consumes="application/json" idls="VHPWebBased/.services/web-read-usr-listbl.pidl::com.progress.openedge.pdt.bpmbindings" name="web-read-usr-listbl" produces="application/json" verb="POST"/>
  </prgs:resource>
  <prgs:resource consumes="application/json" name="_getSupplierList" path="/getSupplierList" produces="application/json">
    <prgs:operation consumes="application/json" idls="VHPWebBased/.services/web-prepare-supply-listbl.pidl::com.progress.openedge.pdt.bpmbindings" name="web-prepare-supply-listbl" produces="application/json" verb="POST"/>
  </prgs:resource>
  <prgs:resource consumes="application/json" name="_loadHUser" path="/loadHUser" produces="application/json">
    <prgs:operation consumes="application/json" idls="VHPWebBased/.services/web-select-husr-disp-itbl.pidl::com.progress.openedge.pdt.bpmbindings" name="web-select-husr-disp-itbl" produces="application/json" verb="POST"/>
  </prgs:resource>
  <prgs:resource consumes="application/json" name="_readHotelDepartment" path="/readHotelDepartment" produces="application/json">
    <prgs:operation consumes="application/json" idls="VHPWebBased/.services/web-read-hoteldptbl.pidl::com.progress.openedge.pdt.bpmbindings" name="web-read-hoteldptbl" produces="application/json" verb="POST"/>
  </prgs:resource>
  <prgs:resource consumes="application/json" name="_readZimmer" path="/readZimmer" produces="application/json">
    <prgs:operation consumes="application/json" idls="VHPWebBased/.services/web-read-zimmerbl.pidl::com.progress.openedge.pdt.bpmbindings" name="web-read-zimmerbl" produces="application/json" verb="POST"/>
  </prgs:resource>
  <prgs:resource consumes="application/json" name="_prepareGLJoulist" path="/prepareGLJoulist" produces="application/json">
    <prgs:operation consumes="application/json" idls="VHPWebBased/.services/web-prepare-gl-joulistbl.pidl::com.progress.openedge.pdt.bpmbindings" name="web-prepare-gl-joulistbl" produces="application/json" verb="POST"/>
  </prgs:resource>
  <prgs:resource consumes="application/json" name="_getGLMainAccount" path="/getGLMainAccount" produces="application/json">
    <prgs:operation consumes="application/json" idls="VHPWebBased/.services/web-read-gl-mainbl.pidl::com.progress.openedge.pdt.bpmbindings" name="web-read-gl-mainbl" produces="application/json" verb="POST"/>
  </prgs:resource>
  <prgs:resource consumes="application/json" name="_getGLDeptAccount" path="/getGLDeptAccount" produces="application/json">
    <prgs:operation consumes="application/json" idls="VHPWebBased/.services/web-load-gl-departmentbl.pidl::com.progress.openedge.pdt.bpmbindings" name="web-load-gl-departmentbl" produces="application/json" verb="POST"/>
  </prgs:resource>
  <prgs:resource consumes="application/json" name="_getParameters" path="/getParameters" produces="application/json">
    <prgs:operation consumes="application/json" idls="VHPWebBased/.services/web-read-parametersbl.pidl::com.progress.openedge.pdt.bpmbindings" name="web-read-parametersbl" produces="application/json" verb="POST"/>
  </prgs:resource>
  <prgs:resource consumes="application/json" name="_bookJournArtMBillMember" path="/bookJournArtMBillMember" produces="application/json">
    <prgs:operation consumes="application/json" idls="VHPWebBased/.services/web-mast-memberbl.pidl::com.progress.openedge.pdt.bpmbindings" name="web-mast-memberbl" produces="application/json" verb="POST"/>
  </prgs:resource>
  <prgs:resource consumes="application/json" name="_readReservation" path="/readReservation" produces="application/json">
    <prgs:operation consumes="application/json" idls="VHPWebBased/.services/web-read-reservationbl.pidl::com.progress.openedge.pdt.bpmbindings" name="web-read-reservationbl" produces="application/json" verb="POST"/>
  </prgs:resource>
  <prgs:resource consumes="application/json" name="_readResLine" path="/readResLine" produces="application/json">
    <prgs:operation consumes="application/json" idls="VHPWebBased/.services/web-read-res-linebl.pidl::com.progress.openedge.pdt.bpmbindings" name="web-read-res-linebl" produces="application/json" verb="POST"/>
  </prgs:resource>
  <prgs:resource consumes="application/json" name="_readResHistory" path="/readResHistory" produces="application/json">
    <prgs:operation consumes="application/json" idls="VHPWebBased/.services/web-read-res-history2bl.pidl::com.progress.openedge.pdt.bpmbindings" name="web-read-res-history2bl" produces="application/json" verb="POST"/>
  </prgs:resource>
  <prgs:resource consumes="application/json" name="_writeInterface" path="/writeInterface" produces="application/json">
    <prgs:operation consumes="application/json" idls="VHPWebBased/.services/web-write-interfacebl.pidl::com.progress.openedge.pdt.bpmbindings" name="web-write-interfacebl" produces="application/json" verb="POST"/>
  </prgs:resource>
  <prgs:resource consumes="application/json" name="_selectArtikel" path="/selectArtikel" produces="application/json">
    <prgs:operation consumes="application/json" idls="VHPWebBased/.services/web-sarticle-listbl.pidl::com.progress.openedge.pdt.bpmbindings" name="web-sarticle-listbl" produces="application/json" verb="POST"/>
  </prgs:resource>
  <prgs:resource consumes="application/json" name="_getReadBill" path="/getReadBill" produces="application/json">
    <prgs:operation consumes="application/json" idls="VHPWebBased/.services/web-read-billbl.pidl::com.progress.openedge.pdt.bpmbindings" name="web-read-billbl" produces="application/json" verb="POST"/>
  </prgs:resource>
  <prgs:resource consumes="application/json" name="_getReadArticle" path="/getReadArticle" produces="application/json">
    <prgs:operation consumes="application/json" idls="VHPWebBased/.services/web-read-artikelbl.pidl::com.progress.openedge.pdt.bpmbindings" name="web-read-artikelbl" produces="application/json" verb="POST"/>
  </prgs:resource>
  <prgs:resource consumes="application/json" name="_readBill1" path="/readBill1" produces="application/json">
    <prgs:operation consumes="application/json" idls="VHPWebBased/.services/web-read-bill1bl.pidl::com.progress.openedge.pdt.bpmbindings" name="web-read-bill1bl" produces="application/json" verb="POST"/>
  </prgs:resource>
  <prgs:resource consumes="application/json" name="_ReadBillHis" path="/ReadBillHis" produces="application/json">
    <prgs:operation consumes="application/json" idls="VHPWebBased/.services/web-read-billhisbl.pidl::com.progress.openedge.pdt.bpmbindings" name="web-read-billhisbl" produces="application/json" verb="POST"/>
  </prgs:resource>
  <prgs:resource consumes="application/json" name="_readCurrency" path="/readCurrency" produces="application/json">
    <prgs:operation consumes="application/json" idls="VHPWebBased/.services/web-read-waehrungbl.pidl::com.progress.openedge.pdt.bpmbindings" name="web-read-waehrungbl" produces="application/json" verb="POST"/>
  </prgs:resource>
  <prgs:resource consumes="application/json" name="_readBillLine" path="/readBillLine" produces="application/json">
    <prgs:operation consumes="application/json" idls="VHPWebBased/.services/web-read-bill-linebl.pidl::com.progress.openedge.pdt.bpmbindings" name="web-read-bill-linebl" produces="application/json" verb="POST"/>
  </prgs:resource>
  <prgs:resource consumes="application/json" name="_readHJournal" path="/readHJournal" produces="application/json">
    <prgs:operation consumes="application/json" idls="VHPWebBased/.services/web-read-h-journalbl.pidl::com.progress.openedge.pdt.bpmbindings" name="web-read-h-journalbl" produces="application/json" verb="POST"/>
  </prgs:resource>
  <prgs:resource consumes="application/json" name="_selectGuest" path="/selectGuest" produces="application/json">
    <prgs:operation consumes="application/json" idls="VHPWebBased/.services/web-get-gcflistbl.pidl::com.progress.openedge.pdt.bpmbindings" name="web-get-gcflistbl" produces="application/json" verb="POST"/>
  </prgs:resource>
  <prgs:resource consumes="application/json" name="_getHelpInvArticle" path="/getHelpInvArticle" produces="application/json">
    <prgs:operation consumes="application/json" idls="VHPWebBased/.services/web-select-sartnr2_1bl.pidl::com.progress.openedge.pdt.bpmbindings" name="web-select-sartnr2_1bl" produces="application/json" verb="POST"/>
  </prgs:resource>
  <prgs:resource consumes="application/json" name="_getPurchaseOrderList" path="/getPurchaseOrderList" produces="application/json">
    <prgs:operation consumes="application/json" idls="VHPWebBased/.services/web-sorder-list-btn-go2bl.pidl::com.progress.openedge.pdt.bpmbindings" name="web-sorder-list-btn-go2bl" produces="application/json" verb="POST"/>
  </prgs:resource>
  <prgs:resource consumes="application/json" name="_getAllArtikel" path="/getAllArtikel" produces="application/json">
    <prgs:operation consumes="application/json" idls="VHPWebBased/.services/web-sarticle-list_1bl.pidl::com.progress.openedge.pdt.bpmbindings" name="web-sarticle-list_1bl" produces="application/json" verb="POST"/>
  </prgs:resource>
  <prgs:resource consumes="application/json" name="_commonJourList" path="/commonJourList" produces="application/json">
    <prgs:operation consumes="application/json" idls="VHPWebBased/.services/web-gcjour-listbl.pidl::com.progress.openedge.pdt.bpmbindings" name="web-gcjour-listbl" produces="application/json" verb="POST"/>
  </prgs:resource>
  <prgs:resource consumes="application/json" name="_delAllJournal" path="/delAllJournal" produces="application/json">
    <prgs:operation consumes="application/json" idls="VHPWebBased/.services/web-delete-gl-jouallbl.pidl::com.progress.openedge.pdt.bpmbindings" name="web-delete-gl-jouallbl" produces="application/json" verb="POST"/>
  </prgs:resource>
  <prgs:resource consumes="application/json" name="_selectHotel" path="/selectHotel" produces="application/json">
    <prgs:operation consumes="application/json" idls="VHPWebBased/.services/web-select-hotelbl.pidl::com.progress.openedge.pdt.bpmbindings" name="web-select-hotelbl" produces="application/json" verb="POST"/>
  </prgs:resource>
  <prgs:resource consumes="application/json" name="_getHotel" path="/getHotel" produces="application/json">
    <prgs:operation consumes="application/json" idls="VHPWebBased/.services/web-competitor-adm-leave-slist-hnrbl.pidl::com.progress.openedge.pdt.bpmbindings" name="web-competitor-adm-leave-slist-hnrbl" produces="application/json" verb="POST"/>
  </prgs:resource>
  <prgs:resource consumes="application/json" name="_selectSupplier" path="/selectSupplier" produces="application/json">
    <prgs:operation consumes="application/json" idls="VHPWebBased/.services/web-read-l-lieferant1bl.pidl::com.progress.openedge.pdt.bpmbindings" name="web-read-l-lieferant1bl" produces="application/json" verb="POST"/>
  </prgs:resource>
  <prgs:resource consumes="application/json" name="_getReadArticle1" path="/getReadArticle1" produces="application/json">
    <prgs:operation consumes="application/json" idls="VHPWebBased/.services/web-read-artikel1bl.pidl::com.progress.openedge.pdt.bpmbindings" name="web-read-artikel1bl" produces="application/json" verb="POST"/>
  </prgs:resource>
  <prgs:resource consumes="application/json" name="_selectPGuest" path="/selectPGuest" produces="application/json">
    <prgs:operation consumes="application/json" idls="VHPWebBased/.services/web-select-pguestbl.pidl::com.progress.openedge.pdt.bpmbindings" name="web-select-pguestbl" produces="application/json" verb="POST"/>
  </prgs:resource>
  <prgs:resource consumes="application/json" name="_getHT" path="/getHTParam0" produces="application/json">
    <prgs:operation consumes="application/json" idls="VHPWebBased/.services/web-gethtpbl.pidl::com.progress.openedge.pdt.bpmbindings" name="web-gethtpbl" produces="application/json" verb="POST"/>
  </prgs:resource>
  <prgs:resource consumes="application/json" name="_checkTime" path="/checkTime" produces="application/json">
    <prgs:operation consumes="application/json" idls="VHPWebBased/.services/web-check-timebl.pidl::com.progress.openedge.pdt.bpmbindings" name="web-check-timebl" produces="application/json" verb="POST"/>
  </prgs:resource>
  <prgs:resource consumes="application/json" name="_verifyToken" path="/verifyToken" produces="application/json">
    <prgs:operation consumes="application/json" idls="VHPWebBased/.services/web-verify-user-tokenbl.pidl::com.progress.openedge.pdt.bpmbindings" name="web-verify-user-tokenbl" produces="application/json" verb="POST"/>
  </prgs:resource>
  <prgs:resource consumes="application/json" name="_readGuest" path="/readGuest" produces="application/json">
    <prgs:operation consumes="application/json" idls="VHPWebBased/.services/web-read-guestbl.pidl::com.progress.openedge.pdt.bpmbindings" name="web-read-guestbl" produces="application/json" verb="POST"/>
  </prgs:resource>
  <prgs:resource consumes="application/json" name="_selectRoom" path="/selectRoom" produces="application/json">
    <prgs:operation consumes="application/json" idls="VHPWebBased/.services/web-prepare-sel-aroombl.pidl::com.progress.openedge.pdt.bpmbindings" name="web-prepare-sel-aroombl" produces="application/json" verb="POST"/>
  </prgs:resource>
  <prgs:resource consumes="application/json" name="_readGLJournalHeader" path="/readGLJouhdr" produces="application/json">
    <prgs:operation consumes="application/json" idls="VHPWebBased/.services/web-read-gl-jouhdrbl.pidl::com.progress.openedge.pdt.bpmbindings" name="web-read-gl-jouhdrbl" produces="application/json" verb="POST"/>
  </prgs:resource>
  <prgs:resource consumes="application/json" name="_selectBill" path="/selectBill" produces="application/json">
    <prgs:operation consumes="application/json" idls="VHPWebBased/.services/web-bil-selectbl.pidl::com.progress.openedge.pdt.bpmbindings" name="web-bil-selectbl" produces="application/json" verb="POST"/>
  </prgs:resource>
  <prgs:resource consumes="application/json" name="_getRCData" path="/getRCData" produces="application/json">
    <prgs:operation consumes="application/json" idls="VHPWebBased/.services/web-get-print-rc-lnl.pidl::com.progress.openedge.pdt.bpmbindings" name="web-get-print-rc-lnl" produces="application/json" verb="POST"/>
  </prgs:resource>
  <prgs:resource consumes="application/json" name="_writeQueasy" path="/writeQueasy" produces="application/json">
    <prgs:operation consumes="application/json" idls="VHPWebBased/.services/web-create-queasybl.pidl::com.progress.openedge.pdt.bpmbindings" name="web-create-queasybl" produces="application/json" verb="POST"/>
  </prgs:resource>
  <prgs:resource consumes="application/json" name="_checkApproval" path="/checkApproval" produces="application/json">
    <prgs:operation consumes="application/json" idls="VHPWebBased/.services/web-enter-passwd-btn-approvebl.pidl::com.progress.openedge.pdt.bpmbindings" name="web-enter-passwd-btn-approvebl" produces="application/json" verb="POST"/>
  </prgs:resource>
  <prgs:resource consumes="application/json" name="_removeQueasy" path="/removeQueasy" produces="application/json">
    <prgs:operation consumes="application/json" idls="VHPWebBased/.services/web-delete-queasybl.pidl::com.progress.openedge.pdt.bpmbindings" name="web-delete-queasybl" produces="application/json" verb="POST"/>
  </prgs:resource>
  <prgs:resource consumes="application/json" name="_selectCostDept1" path="/selectCostDept1" produces="application/json">
    <prgs:operation consumes="application/json" idls="VHPWebBased/.services/web-select-costdept1bl.pidl::com.progress.openedge.pdt.bpmbindings" name="web-select-costdept1bl" produces="application/json" verb="POST"/>
  </prgs:resource>
  <prgs:resource consumes="application/json" name="_preCheckInLoadData" path="/preCheckInLoadSetup" produces="application/json">
    <prgs:operation consumes="application/json" idls="VHPWebBased/.services/common-precheckin-loadsetupbl.pidl::com.progress.openedge.pdt.bpmbindings" name="common-precheckin-loadsetupbl" produces="application/json" verb="POST"/>
  </prgs:resource>
  <prgs:resource consumes="application/json" name="_preCheckInSaveSetup" path="/preCheckInSaveSetup" produces="application/json">
    <prgs:operation consumes="application/json" idls="VHPWebBased/.services/common-precheckin-savesetupbl.pidl::com.progress.openedge.pdt.bpmbindings" name="common-precheckin-savesetupbl" produces="application/json" verb="POST"/>
  </prgs:resource>
  <prgs:resource consumes="application/json" name="_readQueasy" path="/readQueasy" produces="application/json">
    <prgs:operation consumes="application/json" idls="VHPWebBased/.services/web-read-queasybl.pidl::com.progress.openedge.pdt.bpmbindings" name="web-read-queasybl" produces="application/json" verb="POST"/>
  </prgs:resource>
  <prgs:resource consumes="application/json" name="_readHotelDepartment1" path="/readHotelDepartment1" produces="application/json">
    <prgs:operation consumes="application/json" idls="VHPWebBased/.services/web-read-hoteldpt1bl.pidl::com.progress.openedge.pdt.bpmbindings" name="web-read-hoteldpt1bl" produces="application/json" verb="POST"/>
  </prgs:resource>
  <prgs:resource consumes="application/json" name="_readHtparam" path="/readHtparam" produces="application/json">
    <prgs:operation consumes="application/json" idls="VHPWebBased/.services/web-read-htparambl.pidl::com.progress.openedge.pdt.bpmbindings" name="web-read-htparambl" produces="application/json" verb="POST"/>
  </prgs:resource>
  <prgs:resource consumes="application/json" name="_readLArtikel" path="/readLArtikel" produces="application/json">
    <prgs:operation consumes="application/json" idls="VHPWebBased/.services/web-read-l-artikelbl.pidl::com.progress.openedge.pdt.bpmbindings" name="web-read-l-artikelbl" produces="application/json" verb="POST"/>
  </prgs:resource>
  <prgs:resource consumes="application/json" name="_readBillLine1" path="/readBillLine1" produces="application/json">
    <prgs:operation consumes="application/json" idls="VHPWebBased/.services/web-read-bill-line1bl.pidl::com.progress.openedge.pdt.bpmbindings" name="web-read-bill-line1bl" produces="application/json" verb="POST"/>
  </prgs:resource>
  <prgs:resource consumes="application/json" name="_prepareMain1" path="/prepareMain12bl" produces="application/json">
    <prgs:operation consumes="application/json" idls="VHPWebBased/.services/web-prepare-main1_2bl.pidl::com.progress.openedge.pdt.bpmbindings" name="web-prepare-main1_2bl" produces="application/json" verb="POST"/>
  </prgs:resource>
  <prgs:resource consumes="application/json" name="_checkCompliment" path="/checkCompliment" produces="application/json">
    <prgs:operation consumes="application/json" idls="VHPWebBased/.services/web-check-complimentbl.pidl::com.progress.openedge.pdt.bpmbindings" name="web-check-complimentbl" produces="application/json" verb="POST"/>
  </prgs:resource>
  <prgs:resource consumes="application/json" name="_removeQueasyEnterPassword" path="/removeQueasyEnterPasswd" produces="application/json">
    <prgs:operation consumes="application/json" idls="VHPWebBased/.services/web-enter-passwd-delete-queasybl.pidl::com.progress.openedge.pdt.bpmbindings" name="web-enter-passwd-delete-queasybl" produces="application/json" verb="POST"/>
  </prgs:resource>
  <prgs:resource consumes="application/json" name="_loadArtikel2" path="/loadArtikel2" produces="application/json">
    <prgs:operation consumes="application/json" idls="VHPWebBased/.services/web-load-artikel2bl.pidl::com.progress.openedge.pdt.bpmbindings" name="web-load-artikel2bl" produces="application/json" verb="POST"/>
  </prgs:resource>
  <prgs:resource consumes="application/json" name="_writeWaehrung" path="/writeWaehrung" produces="application/json">
    <prgs:operation consumes="application/json" idls="VHPWebBased/.services/web-write-waehrungbl.pidl::com.progress.openedge.pdt.bpmbindings" name="web-write-waehrungbl" produces="application/json" verb="POST"/>
  </prgs:resource>
  <prgs:resource consumes="application/json" name="_readPrinter" path="/readPrinter" produces="application/json">
    <prgs:operation consumes="application/json" idls="VHPWebBased/.services/web-read-printerbl.pidl::com.progress.openedge.pdt.bpmbindings" name="web-read-printerbl" produces="application/json" verb="POST"/>
  </prgs:resource>
  <prgs:resource consumes="application/json" name="_readSegment" path="/readSegment" produces="application/json">
    <prgs:operation consumes="application/json" idls="VHPWebBased/.services/web-read-segmentbl.pidl::com.progress.openedge.pdt.bpmbindings" name="web-read-segmentbl" produces="application/json" verb="POST"/>
  </prgs:resource>
  <prgs:resource consumes="application/json" name="_readGuestSegment" path="/readGuestSegment" produces="application/json">
    <prgs:operation consumes="application/json" idls="VHPWebBased/.services/web-read-guestsegbl.pidl::com.progress.openedge.pdt.bpmbindings" name="web-read-guestsegbl" produces="application/json" verb="POST"/>
  </prgs:resource>
  <prgs:resource consumes="application/json" name="_readGuestPr" path="/readGuestPr" produces="application/json">
    <prgs:operation consumes="application/json" idls="VHPWebBased/.services/web-read-guest-prbl.pidl::com.progress.openedge.pdt.bpmbindings" name="web-read-guest-prbl" produces="application/json" verb="POST"/>
  </prgs:resource>
  <prgs:resource consumes="application/json" name="_readZimkateg" path="/readZimkateg" produces="application/json">
    <prgs:operation consumes="application/json" idls="VHPWebBased/.services/web-read-zimkategbl.pidl::com.progress.openedge.pdt.bpmbindings" name="web-read-zimkategbl" produces="application/json" verb="POST"/>
  </prgs:resource>
  <prgs:resource consumes="application/json" name="_readParamtext" path="/readParamtext" produces="application/json">
    <prgs:operation consumes="application/json" idls="VHPWebBased/.services/web-read-paramtextbl.pidl::com.progress.openedge.pdt.bpmbindings" name="web-read-paramtextbl" produces="application/json" verb="POST"/>
  </prgs:resource>
  <prgs:resource consumes="application/json" name="_createQueasy" path="/createQueasy" produces="application/json">
    <prgs:operation consumes="application/json" idls="VHPWebBased/.services/web-write-queasybl.pidl::com.progress.openedge.pdt.bpmbindings" name="web-write-queasybl" produces="application/json" verb="POST"/>
  </prgs:resource>
  <prgs:resource consumes="application/json" name="_readHBill1" path="/readHBill1" produces="application/json">
    <prgs:operation consumes="application/json" idls="VHPWebBased/.services/web-read-h-bill1bl.pidl::com.progress.openedge.pdt.bpmbindings" name="web-read-h-bill1bl" produces="application/json" verb="POST"/>
  </prgs:resource>
  <prgs:resource consumes="application/json" name="_loadHArtikel1" path="/loadHArtikel1" produces="application/json">
    <prgs:operation consumes="application/json" idls="VHPWebBased/.services/web-load-h-artikel1bl.pidl::com.progress.openedge.pdt.bpmbindings" name="web-load-h-artikel1bl" produces="application/json" verb="POST"/>
  </prgs:resource>
  <prgs:resource consumes="application/json" name="_readHArtikel" path="/readHArtikel" produces="application/json">
    <prgs:operation consumes="application/json" idls="VHPWebBased/.services/web-read-h-artikelbl.pidl::com.progress.openedge.pdt.bpmbindings" name="web-read-h-artikelbl" produces="application/json" verb="POST"/>
  </prgs:resource>
  <prgs:resource consumes="application/json" name="_readBrief" path="/readBrief" produces="application/json">
    <prgs:operation consumes="application/json" idls="VHPWebBased/.services/web-read-briefbl.pidl::com.progress.openedge.pdt.bpmbindings" name="web-read-briefbl" produces="application/json" verb="POST"/>
  </prgs:resource>
  <prgs:resource consumes="application/json" name="_readKontline" path="/readKontline" produces="application/json">
    <prgs:operation consumes="application/json" idls="VHPWebBased/.services/web-read-kontlinebl.pidl::com.progress.openedge.pdt.bpmbindings" name="web-read-kontlinebl" produces="application/json" verb="POST"/>
  </prgs:resource>
  <prgs:resource consumes="application/json" name="_delKontline" path="/delKontline" produces="application/json">
    <prgs:operation consumes="application/json" idls="VHPWebBased/.services/web-delete-kontlinebl.pidl::com.progress.openedge.pdt.bpmbindings" name="web-delete-kontlinebl" produces="application/json" verb="POST"/>
  </prgs:resource>
  <prgs:resource consumes="application/json" name="_checkEmail" path="/checkEmail" produces="application/json">
    <prgs:operation consumes="application/json" idls="VHPWebBased/.services/web-check-emailui.pidl::com.progress.openedge.pdt.bpmbindings" name="web-check-emailui" produces="application/json" verb="POST"/>
  </prgs:resource>
  <prgs:resource consumes="application/json" name="_testVariableFormat" path="/testVariableFormat" produces="application/json">
    <prgs:operation consumes="application/json" idls="VHPWebBased/.services/web-test-variableformat.pidl::com.progress.openedge.pdt.bpmbindings" name="web-test-variableformat" produces="application/json" verb="POST"/>
  </prgs:resource>
  <prgs:resource consumes="application/json" name="_readBrief1" path="/readBrief1" produces="application/json">
    <prgs:operation consumes="application/json" idls="VHPWebBased/.services/web-read-brief1bl.pidl::com.progress.openedge.pdt.bpmbindings" name="web-read-brief1bl" produces="application/json" verb="POST"/>
  </prgs:resource>
  <prgs:resource consumes="application/json" name="_writeBrief" path="/writeBrief" produces="application/json">
    <prgs:operation consumes="application/json" idls="VHPWebBased/.services/web-write-briefbl.pidl::com.progress.openedge.pdt.bpmbindings" name="web-write-briefbl" produces="application/json" verb="POST"/>
  </prgs:resource>
  <prgs:resource consumes="application/json" name="_loadHArtikel11" path="/loadHArtikel11" produces="application/json">
    <prgs:operation consumes="application/json" idls="VHPWebBased/.services/web-load-h-artikel1_1bl.pidl::com.progress.openedge.pdt.bpmbindings" name="web-load-h-artikel1_1bl" produces="application/json" verb="POST"/>
  </prgs:resource>
  <prgs:resource consumes="application/json" name="_writeZimmer" path="/writeZimmer" produces="application/json">
    <prgs:operation consumes="application/json" idls="VHPWebBased/.services/web-write-zimmerbl.pidl::com.progress.openedge.pdt.bpmbindings" name="web-write-zimmerbl" produces="application/json" verb="POST"/>
  </prgs:resource>
  <prgs:resource consumes="application/json" name="_loadMappingPaymentGateway" path="/loadMappingPaymentGateway" produces="application/json">
    <prgs:operation consumes="application/json" idls="VHPWebBased/.services/load-mapping-pglistbl.pidl::com.progress.openedge.pdt.bpmbindings" name="load-mapping-pglistbl" produces="application/json" verb="POST"/>
  </prgs:resource>
  <prgs:resource consumes="application/json" name="_testWebdev" path="/testWebdev" produces="application/json">
    <prgs:operation consumes="application/json" idls="VHPWebBased/.services/test-webdevbl.pidl::com.progress.openedge.pdt.bpmbindings" name="test-webdevbl" produces="application/json" verb="POST"/>
  </prgs:resource>
  <prgs:resource consumes="application/json" name="_readUebertrag" path="/readUebertrag" produces="application/json">
    <prgs:operation consumes="application/json" idls="VHPWebBased/.services/web-read-uebertragbl.pidl::com.progress.openedge.pdt.bpmbindings" name="web-read-uebertragbl" produces="application/json" verb="POST"/>
  </prgs:resource>
  <prgs:resource consumes="application/json" name="_dumpUebertrag" path="/dumpUebertrag" produces="application/json">
    <prgs:operation consumes="application/json" idls="VHPWebBased/.services/web-dump-uebertragbl.pidl::com.progress.openedge.pdt.bpmbindings" name="web-dump-uebertragbl" produces="application/json" verb="POST"/>
  </prgs:resource>
  <prgs:resource consumes="application/json" name="_glOutstand" path="/glOutstand" produces="application/json">
    <prgs:operation consumes="application/json" idls="VHPWebBased/.services/web-gl-outstandbl.pidl::com.progress.openedge.pdt.bpmbindings" name="web-gl-outstandbl" produces="application/json" verb="POST"/>
  </prgs:resource>
  <prgs:resource consumes="application/json" name="_glLinkfoPrepare" path="/glLinkfoPrepare" produces="application/json">
    <prgs:operation consumes="application/json" idls="VHPWebBased/.services/web-prepare-gl-linkfobl.pidl::com.progress.openedge.pdt.bpmbindings" name="web-prepare-gl-linkfobl" produces="application/json" verb="POST"/>
  </prgs:resource>
  <prgs:resource consumes="application/json" name="_glLinkfo" path="/glLinkfo" produces="application/json">
    <prgs:operation consumes="application/json" idls="VHPWebBased/.services/web-gl-linkfobl.pidl::com.progress.openedge.pdt.bpmbindings" name="web-gl-linkfobl" produces="application/json" verb="POST"/>
  </prgs:resource>
  <prgs:resource consumes="application/json" name="_glLinkfoUpdate" path="/glLinkfoUpdate" produces="application/json">
    <prgs:operation consumes="application/json" idls="VHPWebBased/.services/web-gl-linkfo-updatebl.pidl::com.progress.openedge.pdt.bpmbindings" name="web-gl-linkfo-updatebl" produces="application/json" verb="POST"/>
  </prgs:resource>
  <prgs:resource consumes="application/json" name="_readHotelname" path="/readHotelname" produces="application/json">
    <prgs:operation consumes="application/json" idls="VHPWebBased/.services/web-read-hotelnamebl.pidl::com.progress.openedge.pdt.bpmbindings" name="web-read-hotelnamebl" produces="application/json" verb="POST"/>
  </prgs:resource>
  <prgs:resource consumes="application/json" name="_progFileLoadData" path="/progFileLoadData" produces="application/json">
    <prgs:operation consumes="application/json" idls="VHPWebBased/.services/web-prog-file-load-databl.pidl::com.progress.openedge.pdt.bpmbindings" name="web-prog-file-load-databl" produces="application/json" verb="POST"/>
  </prgs:resource>
  <prgs:resource consumes="application/json" name="_progFileSaveData" path="/progFileSaveData" produces="application/json">
    <prgs:operation consumes="application/json" idls="VHPWebBased/.services/web-prog-file-btn-savebl.pidl::com.progress.openedge.pdt.bpmbindings" name="web-prog-file-btn-savebl" produces="application/json" verb="POST"/>
  </prgs:resource>
  <prgs:resource consumes="application/json" name="_readBriefzei" path="/readBriefzei" produces="application/json">
    <prgs:operation consumes="application/json" idls="VHPWebBased/.services/web-read-briefzeibl.pidl::com.progress.openedge.pdt.bpmbindings" name="web-read-briefzeibl" produces="application/json" verb="POST"/>
  </prgs:resource>
  <prgs:resource consumes="application/json" name="_newUser" path="/newUser" produces="application/json">
    <prgs:operation consumes="application/json" idls="VHPWebBased/.services/web-neubenutzerbl.pidl::com.progress.openedge.pdt.bpmbindings" name="web-neubenutzerbl" produces="application/json" verb="POST"/>
  </prgs:resource>
  <prgs:resource consumes="application/json" name="_newUserExit" path="/newUserExit" produces="application/json">
    <prgs:operation consumes="application/json" idls="VHPWebBased/.services/web-neubenutzer-exitbl.pidl::com.progress.openedge.pdt.bpmbindings" name="web-neubenutzer-exitbl" produces="application/json" verb="POST"/>
  </prgs:resource>
  <prgs:resource consumes="application/json" name="_flplanAR" path="/flplanAR" produces="application/json">
    <prgs:operation consumes="application/json" idls="VHPWebBased/.services/web-flplan-arbl.pidl::com.progress.openedge.pdt.bpmbindings" name="web-flplan-arbl" produces="application/json" verb="POST"/>
  </prgs:resource>
  <prgs:resource consumes="application/json" name="_checkEsignature" path="/checkEsignature" produces="application/json">
    <prgs:operation consumes="application/json" idls="VHPWebBased/.services/web-check-esignaturebl.pidl::com.progress.openedge.pdt.bpmbindings" name="web-check-esignaturebl" produces="application/json" verb="POST"/>
  </prgs:resource>
  <prgs:resource consumes="application/json" name="_loadDateTimeServer" path="/loadDateTimeServer" produces="application/json">
    <prgs:operation consumes="application/json" idls="VHPWebBased/.services/web-load-datetime-serverbl.pidl::com.progress.openedge.pdt.bpmbindings" name="web-load-datetime-serverbl" produces="application/json" verb="POST"/>
  </prgs:resource>
  <prgs:resource consumes="application/json" name="_e1Serial" path="/e1Serial" produces="application/json">
    <prgs:operation consumes="application/json" idls="VHPWebBased/.services/web-e1-serialbl.pidl::com.progress.openedge.pdt.bpmbindings" name="web-e1-serialbl" produces="application/json" verb="POST"/>
  </prgs:resource>
  <prgs:resource consumes="application/json" name="_getQueasyRecord" path="/getQueasyRecord" produces="application/json">
    <prgs:operation consumes="application/json" idls="VHPWebBased/.services/selforder-get-queasybl.pidl::com.progress.openedge.pdt.bpmbindings" name="selforder-get-queasybl" produces="application/json" verb="POST"/>
  </prgs:resource>
  <prgs:resource consumes="application/json" name="_readNitehist" path="/readNitehist" produces="application/json">
    <prgs:operation consumes="application/json" idls="VHPWebBased/.services/web-read-nitehistbl.pidl::com.progress.openedge.pdt.bpmbindings" name="web-read-nitehistbl" produces="application/json" verb="POST"/>
  </prgs:resource>
  <prgs:resource consumes="application/json" name="_socketBackupService_GetInterfaceInfo" path="/socketBackupService/GetInterfaceInfo" produces="application/json">
    <prgs:operation consumes="application/json" idls="VHPWebBased/.services/web-get-interface-infobl.pidl::com.progress.openedge.pdt.bpmbindings" name="web-get-interface-infobl" produces="application/json" verb="POST"/>
  </prgs:resource>
  <prgs:resource consumes="application/json" name="_readNitestor" path="/readNitestor" produces="application/json">
    <prgs:operation consumes="application/json" idls="VHPWebBased/.services/web-read-nitestorbl.pidl::com.progress.openedge.pdt.bpmbindings" name="web-read-nitestorbl" produces="application/json" verb="POST"/>
  </prgs:resource>
  <prgs:resource consumes="application/json" name="_createInterfaceSession" path="/createInterfaceSession" produces="application/json">
    <prgs:operation consumes="application/json" idls="VHPWebBased/.services/web-update-interface-infobl.pidl::com.progress.openedge.pdt.bpmbindings" name="web-update-interface-infobl" produces="application/json" verb="POST"/>
  </prgs:resource>
  <prgs:resource consumes="application/json" name="_updateSerial" path="/updateSerial" produces="application/json">
    <prgs:operation consumes="application/json" idls="VHPWebBased/.services/web-update-serialbl.pidl::com.progress.openedge.pdt.bpmbindings" name="web-update-serialbl" produces="application/json" verb="POST"/>
  </prgs:resource>
  <prgs:resource consumes="application/json" name="_verifyUserLogin" path="/verifyUserLogin" produces="application/json">
    <prgs:operation consumes="application/json" idls="VHPWebBased/.services/web-verify-user-loginbl.pidl::com.progress.openedge.pdt.bpmbindings" name="web-verify-user-loginbl" produces="application/json" verb="POST"/>
  </prgs:resource>
  <prgs:resource consumes="application/json" name="_selprintminvPrepare" path="/selprintminvPrepare" produces="application/json">
    <prgs:operation consumes="application/json" idls="VHPWebBased/.services/web-prepare-selprintminvbl.pidl::com.progress.openedge.pdt.bpmbindings" name="web-prepare-selprintminvbl" produces="application/json" verb="POST"/>
  </prgs:resource>
  <prgs:resource consumes="application/json" name="_selPrintminv" path="/selPrintminv" produces="application/json">
    <prgs:operation consumes="application/json" idls="VHPWebBased/.services/web-sel-printminvbl.pidl::com.progress.openedge.pdt.bpmbindings" name="web-sel-printminvbl" produces="application/json" verb="POST"/>
  </prgs:resource>
  <prgs:resource consumes="application/json" name="_billParser" path="/billParser" produces="application/json">
    <prgs:operation consumes="application/json" idls="VHPWebBased/.services/web-bill-parserbl.pidl::com.progress.openedge.pdt.bpmbindings" name="web-bill-parserbl" produces="application/json" verb="POST"/>
  </prgs:resource>
  <prgs:resource consumes="application/json" name="_selPrintinv" path="/selPrintinv" produces="application/json">
    <prgs:operation consumes="application/json" idls="VHPWebBased/.services/web-sel-printinv-webbl.pidl::com.progress.openedge.pdt.bpmbindings" name="web-sel-printinv-webbl" produces="application/json" verb="POST"/>
  </prgs:resource>
  <prgs:resource consumes="application/json" name="_getLetterSetup" path="/getLetterSetup" produces="application/json">
    <prgs:operation consumes="application/json" idls="VHPWebBased/.services/web-get-letter-setup-webbl.pidl::com.progress.openedge.pdt.bpmbindings" name="web-get-letter-setup-webbl" produces="application/json" verb="POST"/>
  </prgs:resource>
  <prgs:resource consumes="application/json" name="_addHtp5" path="/addHtp5" produces="application/json">
    <prgs:operation consumes="application/json" idls="VHPWebBased/.services/web-add-htp5-webbl.pidl::com.progress.openedge.pdt.bpmbindings" name="web-add-htp5-webbl" produces="application/json" verb="POST"/>
  </prgs:resource>
  <prgs:resource consumes="application/json" name="_checkEsignature1" path="/checkEsignature1" produces="application/json">
    <prgs:operation consumes="application/json" idls="VHPWebBased/.services/web-check-esignature_1bl.pidl::com.progress.openedge.pdt.bpmbindings" name="web-check-esignature_1bl" produces="application/json" verb="POST"/>
  </prgs:resource>
  <prgs:resource consumes="application/json" name="_confirmSignature1" path="/confirmSignature1" produces="application/json">
    <prgs:operation consumes="application/json" idls="VHPWebBased/.services/web-confirm-signature_1bl.pidl::com.progress.openedge.pdt.bpmbindings" name="web-confirm-signature_1bl" produces="application/json" verb="POST"/>
  </prgs:resource>
  <prgs:resource consumes="application/json" name="_queueView" path="/queueView" produces="application/json">
    <prgs:operation consumes="application/json" idls="VHPWebBased/.services/web-view-queuebl.pidl::com.progress.openedge.pdt.bpmbindings" name="web-view-queuebl" produces="application/json" verb="POST"/>
  </prgs:resource>
  <prgs:resource consumes="application/json" name="_esignSelectUsr" path="/esignSelectUsr" produces="application/json">
    <prgs:operation consumes="application/json" idls="VHPWebBased/.services/web-esign-select-usrbl.pidl::com.progress.openedge.pdt.bpmbindings" name="web-esign-select-usrbl" produces="application/json" verb="POST"/>
  </prgs:resource>
  <prgs:resource consumes="application/json" name="_esignSetup" path="/esignSetup1" produces="application/json">
    <prgs:operation consumes="application/json" idls="VHPWebBased/.services/web-esign-setup_1bl.pidl::com.progress.openedge.pdt.bpmbindings" name="web-esign-setup_1bl" produces="application/json" verb="POST"/>
  </prgs:resource>
  <prgs:resource consumes="application/json" name="_nsCashlessTools" path="/nsCashlessTools" produces="application/json">
    <prgs:operation consumes="application/json" idls="VHPWebBased/.services/web-ns-inv-cashless-toolsbl.pidl::com.progress.openedge.pdt.bpmbindings" name="web-ns-inv-cashless-toolsbl" produces="application/json" verb="POST"/>
  </prgs:resource>
  <prgs:resource consumes="application/json" name="_nsCashlessGetLicense" path="/nsCashlessGetLicense" produces="application/json">
    <prgs:operation consumes="application/json" idls="VHPWebBased/.services/web-prepare-get-license-cashlessbl.pidl::com.progress.openedge.pdt.bpmbindings" name="web-prepare-get-license-cashlessbl" produces="application/json" verb="POST"/>
  </prgs:resource>
  <prgs:resource consumes="application/json" name="_nsCashlessToolsPrepare" path="/nsCashlessToolsPrepare" produces="application/json">
    <prgs:operation consumes="application/json" idls="VHPWebBased/.services/web-prepare-ns-inv-cashless-toolsbl.pidl::com.progress.openedge.pdt.bpmbindings" name="web-prepare-ns-inv-cashless-toolsbl" produces="application/json" verb="POST"/>
  </prgs:resource>
  <prgs:resource consumes="application/json" name="_nsCashlessQRGeneratorPrepare" path="/nsCashlessQRGeneratorPrepare" produces="application/json">
    <prgs:operation consumes="application/json" idls="VHPWebBased/.services/web-prepare-qrcode-generatorbl.pidl::com.progress.openedge.pdt.bpmbindings" name="web-prepare-qrcode-generatorbl" produces="application/json" verb="POST"/>
  </prgs:resource>
  <prgs:resource consumes="application/json" name="_nsCashlessQRGenerator" path="/nsCashlessQRGenerator" produces="application/json">
    <prgs:operation consumes="application/json" idls="VHPWebBased/.services/web-qrcode-generatorbl.pidl::com.progress.openedge.pdt.bpmbindings" name="web-qrcode-generatorbl" produces="application/json" verb="POST"/>
  </prgs:resource>
  <prgs:resource consumes="application/json" name="_nsCashlessQRGeneratorCodelist" path="/nsCashlessQRGeneratorCodelist" produces="application/json">
    <prgs:operation consumes="application/json" idls="VHPWebBased/.services/web-qrcode-generator-codelist-webbl.pidl::com.progress.openedge.pdt.bpmbindings" name="web-qrcode-generator-codelist-webbl" produces="application/json" verb="POST"/>
  </prgs:resource>
  <prgs:resource consumes="application/json" name="_readOthBill" path="/readOthBill" produces="application/json">
    <prgs:operation consumes="application/json" idls="VHPWebBased/.services/web-read-oth-billbl.pidl::com.progress.openedge.pdt.bpmbindings" name="web-read-oth-billbl" produces="application/json" verb="POST"/>
  </prgs:resource>
  <prgs:resource consumes="application/json" name="_selectRevartPrepare" path="/selectRevartPrepare" produces="application/json">
    <prgs:operation consumes="application/json" idls="VHPWebBased/.services/web-prepare-select-revartbl.pidl::com.progress.openedge.pdt.bpmbindings" name="web-prepare-select-revartbl" produces="application/json" verb="POST"/>
  </prgs:resource>
</prgs:model>
