<?xml version="1.0" encoding="UTF-8" standalone="no"?><beans xmlns="http://www.springframework.org/schema/beans" xmlns:AppServer="urn:schemas-progress-com:bpm:appserverbean:0001" xmlns:cafBinding="http://www.progress.com/caf/binding/strategy" xmlns:camel="http://camel.apache.org/schema/spring" xmlns:cxf="http://camel.apache.org/schema/cxf" xmlns:jaxrs="http://cxf.apache.org/jaxrs" xmlns:prgrs="http://www.progress.com/caf/camel/component/prgrs" xmlns:xsi="http://www.w3.org/2001/XMLSchema-instance" xsi:schemaLocation="        http://www.springframework.org/schema/beans http://www.springframework.org/schema/beans/spring-beans.xsd        http://camel.apache.org/schema/spring http://camel.apache.org/schema/spring/camel-spring.xsd         http://www.progress.com/caf/camel/component/prgrs http://www.progress.com/caf/camel/component/prgrs/schemas/prgrs.xsd         http://www.progress.com/caf/binding/strategy http://www.progress.com/caf/binding/cafBinding.xsd        http://cxf.apache.org/jaxrs http://cxf.apache.org/schemas/jaxrs.xsd         http://camel.apache.org/schema/cxf http://camel.apache.org/schema/cxf/camel-cxf.xsd        urn:schemas-progress-com:bpm:appserverbean:0001 http://www.progress.com/appserverbean0001.xsd">
 
 	 <import resource="classpath:META-INF/cxf/cxf-servlet.xml"/>
 	 
     <import resource="resourceModel.xml"/>
     <import resource="mapping.xml"/>
     
     <import resource="../../runtime.props"/>
    
    
    
    <!-- Specifying bindingId here is mandatory -->
    <prgrs:prgRsServer address="/Common" bindingId="http://com.progress.caf.cxf.jaxrs" id="rsServer">
        <prgrs:providers>
	<bean class="com.progress.rest.adapters.oe.CafExceptionMapper" id="CafExceptionMapper"/>
	<bean class="com.progress.rest.adapters.oe.Open4GLExceptionMapper" id="Open4GLExceptionMapper"/>
 	<bean class="com.progress.rest.adapters.oe.RestRuntimeExceptionMapper" id="RestRunTimeExceptionMapper"/>
	</prgrs:providers>
    
        <prgrs:modelBeanRef ref="resourceModel">
   		 </prgrs:modelBeanRef>
   		 
    </prgrs:prgRsServer>
 
    <bean class="com.progress.adapters.v2.binding.strategy.impl.NestedBindingStrategy" id="AppServerBindingStrategy"> 
	 <property name="childBindingStrategySet">
		 <set>
			 <ref bean="IDLBindingStrategy"/>
				<ref bean="restMappingBindingStrategy"/>
			<ref bean="RestBindingStrategy"/>
			</set> 
	 </property> 
	 <property name="responseFlowStyle" value="REVERSE"/>
	   </bean>
	    <bean class="com.progress.caf.camel.component.oe.rest.RestBindingStrategy" id="RestBindingStrategy"/>
	  <bean class="com.progress.adapters.rest.binding.strategy.IDLBindingStrategy" id="IDLBindingStrategy"/>
    
    <camelContext xmlns="http://camel.apache.org/schema/spring" id="camel">
        <route>
            <from uri="prgrs://bean://rsServer?bindingStrategy=#AppServerBindingStrategy"/>
            <to uri="AppServer:AppServerEndpoint"/>
        </route>
    </camelContext>
    
  <bean class="com.progress.adapters.rest.binding.strategy.RestMappingBindingStrategy" id="restMappingBindingStrategy">
     <property name="mappingBean">
           <ref bean="mapping"/>
     </property>
  </bean>

</beans>