<?xml version="1.0" encoding="UTF-8"?>
<prgs:model xmlns:prgs="http://www.progress.com/caf/camel/component/prgrs" id="resourceModel">
  <prgs:resource consumes="application/json" name="_getChartOfAccount" path="/getChartOfAccount" produces="application/json">
    <prgs:operation consumes="application/json" idls="VHPWebBased/.services/web-glacct-listbl.pidl::com.progress.openedge.pdt.bpmbindings" name="web-glacct-listbl" produces="application/json" verb="POST"/>
  </prgs:resource>
  <prgs:resource consumes="application/json" name="_getGLMainAccount" path="/getGLMainAccount" produces="application/json">
    <prgs:operation consumes="application/json" idls="VHPWebBased/.services/web-read-gl-mainbl.pidl::com.progress.openedge.pdt.bpmbindings" name="web-read-gl-mainbl" produces="application/json" verb="POST"/>
  </prgs:resource>
  <prgs:resource consumes="application/json" name="_getGLFSType" path="/getGLFSType" produces="application/json">
    <prgs:operation consumes="application/json" idls="VHPWebBased/.services/web-read-gl-fstypebl.pidl::com.progress.openedge.pdt.bpmbindings" name="web-read-gl-fstypebl" produces="application/json" verb="POST"/>
  </prgs:resource>
  <prgs:resource consumes="application/json" name="_getGLDeptAccount" path="/getGLDeptAccount" produces="application/json">
    <prgs:operation consumes="application/json" idls="VHPWebBased/.services/web-load-gl-departmentbl.pidl::com.progress.openedge.pdt.bpmbindings" name="web-load-gl-departmentbl" produces="application/json" verb="POST"/>
  </prgs:resource>
  <prgs:resource consumes="application/json" name="_getViewActualValue" path="/getViewActualValue" produces="application/json">
    <prgs:operation consumes="application/json" idls="VHPWebBased/.services/web-view-acctactual_1bl.pidl::com.progress.openedge.pdt.bpmbindings" name="web-view-acctactual_1bl" produces="application/json" verb="POST"/>
  </prgs:resource>
  <prgs:resource consumes="application/json" name="_getViewBudgetValue" path="/getViewBudgetValue" produces="application/json">
    <prgs:operation consumes="application/json" idls="VHPWebBased/.services/web-prepare-view-acctbudgetbl.pidl::com.progress.openedge.pdt.bpmbindings" name="web-prepare-view-acctbudgetbl" produces="application/json" verb="POST"/>
  </prgs:resource>
  <prgs:resource consumes="application/json" name="_getTrialBalance" path="/getTrialBalance" produces="application/json">
    <prgs:operation consumes="application/json" idls="VHPWebBased/.services/web-trialbaiance-btn-executebl.pidl::com.progress.openedge.pdt.bpmbindings" name="web-trialbaiance-btn-executebl" produces="application/json" verb="POST"/>
  </prgs:resource>
  <prgs:resource consumes="application/json" name="_getPrepareTrialBalance" path="/getPrepareTrialBalance" produces="application/json">
    <prgs:operation consumes="application/json" idls="VHPWebBased/.services/web-prepare-trialbalancebl.pidl::com.progress.openedge.pdt.bpmbindings" name="web-prepare-trialbalancebl" produces="application/json" verb="POST"/>
  </prgs:resource>
  <prgs:resource consumes="application/json" name="_getPrepareTrialBalanceByDept" path="/getPrepareTrialBalanceByDept" produces="application/json">
    <prgs:operation consumes="application/json" idls="VHPWebBased/.services/web-prepare-trialb-pnlbl.pidl::com.progress.openedge.pdt.bpmbindings" name="web-prepare-trialb-pnlbl" produces="application/json" verb="POST"/>
  </prgs:resource>
  <prgs:resource consumes="application/json" name="_getTrialBalanceByDept" path="/getTrialBalanceByDept" produces="application/json">
    <prgs:operation consumes="application/json" idls="VHPWebBased/.services/web-trialb-pnl-create-list-webbl.pidl::com.progress.openedge.pdt.bpmbindings" name="web-trialb-pnl-create-list-webbl" produces="application/json" verb="POST"/>
  </prgs:resource>
  <prgs:resource consumes="application/json" name="_getPrepareGLJouref" path="/getPrepareGLJouref" produces="application/json">
    <prgs:operation consumes="application/json" idls="VHPWebBased/.services/web-prepare-gl-jourefbl.pidl::com.progress.openedge.pdt.bpmbindings" name="web-prepare-gl-jourefbl" produces="application/json" verb="POST"/>
  </prgs:resource>
  <prgs:resource consumes="application/json" name="_getGLJouref" path="/getGLJouref" produces="application/json">
    <prgs:operation consumes="application/json" idls="VHPWebBased/.services/web-gl-jourefbl.pidl::com.progress.openedge.pdt.bpmbindings" name="web-gl-jourefbl" produces="application/json" verb="POST"/>
  </prgs:resource>
  <prgs:resource consumes="application/json" name="_getPrepareJouHistList" path="/getPrepareJouHistList" produces="application/json">
    <prgs:operation consumes="application/json" idls="VHPWebBased/.services/web-prepare-gl-jouhislistbl.pidl::com.progress.openedge.pdt.bpmbindings" name="web-prepare-gl-jouhislistbl" produces="application/json" verb="POST"/>
  </prgs:resource>
  <prgs:resource consumes="application/json" name="_getGLJouHistListCreateList" path="/getGLJouHistListCreateList" produces="application/json">
    <prgs:operation consumes="application/json" idls="VHPWebBased/.services/web-gl-jouhislist-create-listbl.pidl::com.progress.openedge.pdt.bpmbindings" name="web-gl-jouhislist-create-listbl" produces="application/json" verb="POST"/>
  </prgs:resource>
  <prgs:resource consumes="application/json" name="_getGLJouHistListCheckChg" path="/getGLJouHistListCheckChg" produces="application/json">
    <prgs:operation consumes="application/json" idls="VHPWebBased/.services/web-gl-jouhislist-check-chgbl.pidl::com.progress.openedge.pdt.bpmbindings" name="web-gl-jouhislist-check-chgbl" produces="application/json" verb="POST"/>
  </prgs:resource>
  <prgs:resource consumes="application/json" name="_getGLJouHistListViewTrans" path="/getGLJouHistListViewTrans" produces="application/json">
    <prgs:operation consumes="application/json" idls="VHPWebBased/.services/web-gl-jouhislist-view-transactionbl.pidl::com.progress.openedge.pdt.bpmbindings" name="web-gl-jouhislist-view-transactionbl" produces="application/json" verb="POST"/>
  </prgs:resource>
  <prgs:resource consumes="application/json" name="_getGLRecurrAcct" path="/getGLRecurrAcct" produces="application/json">
    <prgs:operation consumes="application/json" idls="VHPWebBased/.services/web-gl-recurracctbl.pidl::com.progress.openedge.pdt.bpmbindings" name="web-gl-recurracctbl" produces="application/json" verb="POST"/>
  </prgs:resource>
  <prgs:resource consumes="application/json" name="_getGLRecurrAcctBtnExit" path="/getGLRecurrAcctBtnExit" produces="application/json">
    <prgs:operation consumes="application/json" idls="VHPWebBased/.services/web-gl-recurracct-btn-exitbl.pidl::com.progress.openedge.pdt.bpmbindings" name="web-gl-recurracct-btn-exitbl" produces="application/json" verb="POST"/>
  </prgs:resource>
  <prgs:resource consumes="application/json" name="_delQueasy1" path="/delQueasy1" produces="application/json">
    <prgs:operation consumes="application/json" idls="VHPWebBased/.services/web-delete-queasy1bl.pidl::com.progress.openedge.pdt.bpmbindings" name="web-delete-queasy1bl" produces="application/json" verb="POST"/>
  </prgs:resource>
  <prgs:resource consumes="application/json" name="_getCashFlow" path="/getCashFlow" produces="application/json">
    <prgs:operation consumes="application/json" idls="VHPWebBased/.services/web-cash-flowbl.pidl::com.progress.openedge.pdt.bpmbindings" name="web-cash-flowbl" produces="application/json" verb="POST"/>
  </prgs:resource>
  <prgs:resource consumes="application/json" name="_updateStatusCashFlow" path="/updateStatusCashFlow" produces="application/json">
    <prgs:operation consumes="application/json" idls="VHPWebBased/.services/web-update-status-cashflowbl.pidl::com.progress.openedge.pdt.bpmbindings" name="web-update-status-cashflowbl" produces="application/json" verb="POST"/>
  </prgs:resource>
  <prgs:resource consumes="application/json" name="_prepareGLJoulist" path="/prepareGLJoulist" produces="application/json">
    <prgs:operation consumes="application/json" idls="VHPWebBased/.services/web-prepare-gl-joulist-webbl.pidl::com.progress.openedge.pdt.bpmbindings" name="web-prepare-gl-joulist-webbl" produces="application/json" verb="POST"/>
  </prgs:resource>
  <prgs:resource consumes="application/json" name="_getGLJoulist1" path="/getGLJoulist1" produces="application/json">
    <prgs:operation consumes="application/json" idls="VHPWebBased/.services/web-gl-joulist1bl.pidl::com.progress.openedge.pdt.bpmbindings" name="web-gl-joulist1bl" produces="application/json" verb="POST"/>
  </prgs:resource>
  <prgs:resource consumes="application/json" name="_getGLJoulist_1" path="/getGLJoulist_1" produces="application/json">
    <prgs:operation consumes="application/json" idls="VHPWebBased/.services/web-gl-joulist_1-webbl.pidl::com.progress.openedge.pdt.bpmbindings" name="web-gl-joulist_1-webbl" produces="application/json" verb="POST"/>
  </prgs:resource>
  <prgs:resource consumes="application/json" name="_getTrialBalanceViewDetail" path="/getTrialBalanceViewDetail" produces="application/json">
    <prgs:operation consumes="application/json" idls="VHPWebBased/.services/web-gl-detaill1bl.pidl::com.progress.openedge.pdt.bpmbindings" name="web-gl-detaill1bl" produces="application/json" verb="POST"/>
  </prgs:resource>
  <prgs:resource consumes="application/json" name="_getTrialBalanceViewDetailFO" path="/getTrialBalanceViewDetailFO" produces="application/json">
    <prgs:operation consumes="application/json" idls="VHPWebBased/.services/web-prepare-gl-detailfobl.pidl::com.progress.openedge.pdt.bpmbindings" name="web-prepare-gl-detailfobl" produces="application/json" verb="POST"/>
  </prgs:resource>
  <prgs:resource consumes="application/json" name="_getTrialBalanceViewDetailCompli" path="/getTrialBalanceViewDetailCompli" produces="application/json">
    <prgs:operation consumes="application/json" idls="VHPWebBased/.services/web-prepare-gl-detailcomplibl.pidl::com.progress.openedge.pdt.bpmbindings" name="web-prepare-gl-detailcomplibl" produces="application/json" verb="POST"/>
  </prgs:resource>
  <prgs:resource consumes="application/json" name="_getTrialBalanceViewDetailAP" path="/getTrialBalanceViewDetailAP" produces="application/json">
    <prgs:operation consumes="application/json" idls="VHPWebBased/.services/web-prepare-gl-detailapbl.pidl::com.progress.openedge.pdt.bpmbindings" name="web-prepare-gl-detailapbl" produces="application/json" verb="POST"/>
  </prgs:resource>
  <prgs:resource consumes="application/json" name="_getGLHtparam" path="/getGLHtparam" produces="application/json">
    <prgs:operation consumes="application/json" idls="VHPWebBased/.services/web-gl-htpbl.pidl::com.progress.openedge.pdt.bpmbindings" name="web-gl-htpbl" produces="application/json" verb="POST"/>
  </prgs:resource>
  <prgs:resource consumes="application/json" name="_getGLHtpCheck" path="/getGLHtpCheck" produces="application/json">
    <prgs:operation consumes="application/json" idls="VHPWebBased/.services/web-gl-htp-checkbl.pidl::com.progress.openedge.pdt.bpmbindings" name="web-gl-htp-checkbl" produces="application/json" verb="POST"/>
  </prgs:resource>
  <prgs:resource consumes="application/json" name="_prepareCOASetup" path="/prepareCOASetup" produces="application/json">
    <prgs:operation consumes="application/json" idls="VHPWebBased/.services/web-prepare-glacct-adminbl.pidl::com.progress.openedge.pdt.bpmbindings" name="web-prepare-glacct-adminbl" produces="application/json" verb="POST"/>
  </prgs:resource>
  <prgs:resource consumes="application/json" name="_addCOASetupBtnExit" path="/addChartOfAccount" produces="application/json">
    <prgs:operation consumes="application/json" idls="VHPWebBased/.services/web-glacct-admin-btn-exitbl.pidl::com.progress.openedge.pdt.bpmbindings" name="web-glacct-admin-btn-exitbl" produces="application/json" verb="POST"/>
  </prgs:resource>
  <prgs:resource consumes="application/json" name="_addChartOfAccountIFound" path="/addChartOfAccountIFound" produces="application/json">
    <prgs:operation consumes="application/json" idls="VHPWebBased/.services/web-gl-acct-admin-if-foundbl.pidl::com.progress.openedge.pdt.bpmbindings" name="web-gl-acct-admin-if-foundbl" produces="application/json" verb="POST"/>
  </prgs:resource>
  <prgs:resource consumes="application/json" name="_chgChartOfAccountAllowed" path="/chgChartOfAccountAllowed" produces="application/json">
    <prgs:operation consumes="application/json" idls="VHPWebBased/.services/web-delacct-allowedbl.pidl::com.progress.openedge.pdt.bpmbindings" name="web-delacct-allowedbl" produces="application/json" verb="POST"/>
  </prgs:resource>
  <prgs:resource consumes="application/json" name="_delChartOfAccount" path="/delChartOfAccount" produces="application/json">
    <prgs:operation consumes="application/json" idls="VHPWebBased/.services/web-delete-gl-acctbl.pidl::com.progress.openedge.pdt.bpmbindings" name="web-delete-gl-acctbl" produces="application/json" verb="POST"/>
  </prgs:resource>
  <prgs:resource consumes="application/json" name="_addBudgetExtRate" path="/addBudgetExtRate" produces="application/json">
    <prgs:operation consumes="application/json" idls="VHPWebBased/.services/web-budget-exrate-create-listbl.pidl::com.progress.openedge.pdt.bpmbindings" name="web-budget-exrate-create-listbl" produces="application/json" verb="POST"/>
  </prgs:resource>
  <prgs:resource consumes="application/json" name="_chgBudgetExtRate" path="/chgBudgetExtRate" produces="application/json">
    <prgs:operation consumes="application/json" idls="VHPWebBased/.services/web-budget-exrate-update-exratebl.pidl::com.progress.openedge.pdt.bpmbindings" name="web-budget-exrate-update-exratebl" produces="application/json" verb="POST"/>
  </prgs:resource>
  <prgs:resource consumes="application/json" name="_getTrialBalanceViewDetailOutgoing" path="/getTrialBalanceViewDetailOutgoing" produces="application/json">
    <prgs:operation consumes="application/json" idls="VHPWebBased/.services/web-prepare-gl-detailoutgoingbl.pidl::com.progress.openedge.pdt.bpmbindings" name="web-prepare-gl-detailoutgoingbl" produces="application/json" verb="POST"/>
  </prgs:resource>
  <prgs:resource consumes="application/json" name="_getTrialBalanceViewDetailIncoming" path="/getTrialBalanceViewDetailIncoming" produces="application/json">
    <prgs:operation consumes="application/json" idls="VHPWebBased/.services/web-prepare-gl-detailincomingbl.pidl::com.progress.openedge.pdt.bpmbindings" name="web-prepare-gl-detailincomingbl" produces="application/json" verb="POST"/>
  </prgs:resource>
  <prgs:resource consumes="application/json" name="_getGLViewTransaction" path="/getGLViewTransaction" produces="application/json">
    <prgs:operation consumes="application/json" idls="VHPWebBased/.services/web-gl-view-transactionbl.pidl::com.progress.openedge.pdt.bpmbindings" name="web-gl-view-transactionbl" produces="application/json" verb="POST"/>
  </prgs:resource>
  <prgs:resource consumes="application/json" name="_prepareGLBatchJournal" path="/glBatchJournalPrepare" produces="application/json">
    <prgs:operation consumes="application/json" idls="VHPWebBased/.services/web-prepare-gl-batchjoubl.pidl::com.progress.openedge.pdt.bpmbindings" name="web-prepare-gl-batchjoubl" produces="application/json" verb="POST"/>
  </prgs:resource>
  <prgs:resource consumes="application/json" name="_getGLBatchJournalViewDetail" path="/glBatchJournalViewDetail" produces="application/json">
    <prgs:operation consumes="application/json" idls="VHPWebBased/.services/web-gl-batchjou-disp-itbl.pidl::com.progress.openedge.pdt.bpmbindings" name="web-gl-batchjou-disp-itbl" produces="application/json" verb="POST"/>
  </prgs:resource>
  <prgs:resource consumes="application/json" name="_glBatchJournalDelete" path="/glBatchJournalDelete" produces="application/json">
    <prgs:operation consumes="application/json" idls="VHPWebBased/.services/web-gl-batchjou-chk-delbl.pidl::com.progress.openedge.pdt.bpmbindings" name="web-gl-batchjou-chk-delbl" produces="application/json" verb="POST"/>
  </prgs:resource>
  <prgs:resource consumes="application/json" name="_glBatchJournalExecute" path="/glBatchJournalExecute" produces="application/json">
    <prgs:operation consumes="application/json" idls="VHPWebBased/.services/web-gl-batchjou-btn-gobl.pidl::com.progress.openedge.pdt.bpmbindings" name="web-gl-batchjou-btn-gobl" produces="application/json" verb="POST"/>
  </prgs:resource>
  <prgs:resource consumes="application/json" name="_glBatchJournalTransferGL" path="/glBatchJournalTransferGL" produces="application/json">
    <prgs:operation consumes="application/json" idls="VHPWebBased/.services/web-gl-batchjou-btn-gltransbl.pidl::com.progress.openedge.pdt.bpmbindings" name="web-gl-batchjou-btn-gltransbl" produces="application/json" verb="POST"/>
  </prgs:resource>
  <prgs:resource consumes="application/json" name="_glCOABudgetCreateList" path="/glCOABudgetCreateList" produces="application/json">
    <prgs:operation consumes="application/json" idls="VHPWebBased/.services/web-coa-budget-create-listbl.pidl::com.progress.openedge.pdt.bpmbindings" name="web-coa-budget-create-listbl" produces="application/json" verb="POST"/>
  </prgs:resource>
  <prgs:resource consumes="application/json" name="_glCOABudgetUpdateBudget" path="/glCOABudgetUpdateBudget" produces="application/json">
    <prgs:operation consumes="application/json" idls="VHPWebBased/.services/web-coa-budget-update-budgetbl.pidl::com.progress.openedge.pdt.bpmbindings" name="web-coa-budget-update-budgetbl" produces="application/json" verb="POST"/>
  </prgs:resource>
  <prgs:resource consumes="application/json" name="_glJourtransPrepare" path="/glJourtransPrepare" produces="application/json">
    <prgs:operation consumes="application/json" idls="VHPWebBased/.services/web-prepare-gljour-listbl.pidl::com.progress.openedge.pdt.bpmbindings" name="web-prepare-gljour-listbl" produces="application/json" verb="POST"/>
  </prgs:resource>
  <prgs:resource consumes="application/json" name="_glJourtransLoadData" path="/glJourtransLoadData" produces="application/json">
    <prgs:operation consumes="application/json" idls="VHPWebBased/.services/web-gljour-listbl.pidl::com.progress.openedge.pdt.bpmbindings" name="web-gljour-listbl" produces="application/json" verb="POST"/>
  </prgs:resource>
  <prgs:resource consumes="application/json" name="_glJourtransNewjour" path="/glJourtransNewjour" produces="application/json">
    <prgs:operation consumes="application/json" idls="VHPWebBased/.services/web-check-btn-new-gljour-listbl.pidl::com.progress.openedge.pdt.bpmbindings" name="web-check-btn-new-gljour-listbl" produces="application/json" verb="POST"/>
  </prgs:resource>
  <prgs:resource consumes="application/json" name="_glJourtransPreparePostJournal" path="/glJourtransPreparePostJournal" produces="application/json">
    <prgs:operation consumes="application/json" idls="VHPWebBased/.services/web-prepare-gl-postjournbl.pidl::com.progress.openedge.pdt.bpmbindings" name="web-prepare-gl-postjournbl" produces="application/json" verb="POST"/>
  </prgs:resource>
  <prgs:resource consumes="application/json" name="_glJourtransPostJournal" path="/glJourtransPostJournal" produces="application/json">
    <prgs:operation consumes="application/json" idls="VHPWebBased/.services/web-gl-postjournbl.pidl::com.progress.openedge.pdt.bpmbindings" name="web-gl-postjournbl" produces="application/json" verb="POST"/>
  </prgs:resource>
  <prgs:resource consumes="application/json" name="_glJourtransPostJournalAcct" path="/glJourtransPostJournalAcct" produces="application/json">
    <prgs:operation consumes="application/json" idls="VHPWebBased/.services/web-gl-postjourn-gl-acct2bl.pidl::com.progress.openedge.pdt.bpmbindings" name="web-gl-postjourn-gl-acct2bl" produces="application/json" verb="POST"/>
  </prgs:resource>
  <prgs:resource consumes="application/json" name="_glJourtransFillList" path="/glJourtransFillList" produces="application/json">
    <prgs:operation consumes="application/json" idls="VHPWebBased/.services/web-gl-postjourn-fill-listbl.pidl::com.progress.openedge.pdt.bpmbindings" name="web-gl-postjourn-fill-listbl" produces="application/json" verb="POST"/>
  </prgs:resource>
  <prgs:resource consumes="application/json" name="_glJourtransPostJournalBtnGo" path="/glJourtransPostJournalBtnGo" produces="application/json">
    <prgs:operation consumes="application/json" idls="VHPWebBased/.services/web-gl-postjourn-btn-gobl.pidl::com.progress.openedge.pdt.bpmbindings" name="web-gl-postjourn-btn-gobl" produces="application/json" verb="POST"/>
  </prgs:resource>
  <prgs:resource consumes="application/json" name="_chgGLJournalFillGL" path="/chgGLJournalFillGL" produces="application/json">
    <prgs:operation consumes="application/json" idls="VHPWebBased/.services/web-chg-gljourn-fill-gl-journal-vhpwebbl.pidl::com.progress.openedge.pdt.bpmbindings" name="web-chg-gljourn-fill-gl-journal-vhpwebbl" produces="application/json" verb="POST"/>
  </prgs:resource>
  <prgs:resource consumes="application/json" name="_chgGLJournalBtnGo1" path="/chgGLJournalBtnGo1" produces="application/json">
    <prgs:operation consumes="application/json" idls="VHPWebBased/.services/web-chg-gl-journ-btn-go1bl.pidl::com.progress.openedge.pdt.bpmbindings" name="web-chg-gl-journ-btn-go1bl" produces="application/json" verb="POST"/>
  </prgs:resource>
  <prgs:resource consumes="application/json" name="_chgGLJournalBtnDel" path="/chgGLJournalBtnDel" produces="application/json">
    <prgs:operation consumes="application/json" idls="VHPWebBased/.services/web-chg-gljourn-btn-delbl.pidl::com.progress.openedge.pdt.bpmbindings" name="web-chg-gljourn-btn-delbl" produces="application/json" verb="POST"/>
  </prgs:resource>
  <prgs:resource consumes="application/json" name="_glJourtransDelJouhdr" path="/glJourtransDelJouhdr" produces="application/json">
    <prgs:operation consumes="application/json" idls="VHPWebBased/.services/web-delete-gl-jouhdr_1bl.pidl::com.progress.openedge.pdt.bpmbindings" name="web-delete-gl-jouhdr_1bl" produces="application/json" verb="POST"/>
  </prgs:resource>
  <prgs:resource consumes="application/json" name="_glJourtransOnclick" path="/glJourtransOnclick" produces="application/json">
    <prgs:operation consumes="application/json" idls="VHPWebBased/.services/web-gljour-list2bl.pidl::com.progress.openedge.pdt.bpmbindings" name="web-gljour-list2bl" produces="application/json" verb="POST"/>
  </prgs:resource>
  <prgs:resource consumes="application/json" name="_glJourtransCopyJournal" path="/glJourtransCopyJournPrepare" produces="application/json">
    <prgs:operation consumes="application/json" idls="VHPWebBased/.services/web-prepare-copy-journalbl.pidl::com.progress.openedge.pdt.bpmbindings" name="web-prepare-copy-journalbl" produces="application/json" verb="POST"/>
  </prgs:resource>
  <prgs:resource consumes="application/json" name="_glJourtransCopyJournal_1" path="/glJourtransCopyJournal" produces="application/json">
    <prgs:operation consumes="application/json" idls="VHPWebBased/.services/web-copy-journalbl.pidl::com.progress.openedge.pdt.bpmbindings" name="web-copy-journalbl" produces="application/json" verb="POST"/>
  </prgs:resource>
  <prgs:resource consumes="application/json" name="_glJourtransDelAll" path="/glJourtransDelAll" produces="application/json">
    <prgs:operation consumes="application/json" idls="VHPWebBased/.services/web-delete-gl-jouallbl.pidl::com.progress.openedge.pdt.bpmbindings" name="web-delete-gl-jouallbl" produces="application/json" verb="POST"/>
  </prgs:resource>
  <prgs:resource consumes="application/json" name="_glBatchJournalTransferALL" path="/glBatchJournalTransferALL" produces="application/json">
    <prgs:operation consumes="application/json" idls="VHPWebBased/.services/web-transfer-journalsbl.pidl::com.progress.openedge.pdt.bpmbindings" name="web-transfer-journalsbl" produces="application/json" verb="POST"/>
  </prgs:resource>
  <prgs:resource consumes="application/json" name="_glCloseMonth" path="/glCloseMonth" produces="application/json">
    <prgs:operation consumes="application/json" idls="VHPWebBased/.services/web-cancel-close-monthbl.pidl::com.progress.openedge.pdt.bpmbindings" name="web-cancel-close-monthbl" produces="application/json" verb="POST"/>
  </prgs:resource>
  <prgs:resource consumes="application/json" name="_glMainReport" path="/glMainReport" produces="application/json">
    <prgs:operation consumes="application/json" idls="VHPWebBased/.services/web-main-gl-mi-reportbl.pidl::com.progress.openedge.pdt.bpmbindings" name="web-main-gl-mi-reportbl" produces="application/json" verb="POST"/>
  </prgs:resource>
  <prgs:resource consumes="application/json" name="_glPrepareParXLS1" path="/glPrepareParXLS1" produces="application/json">
    <prgs:operation consumes="application/json" idls="VHPWebBased/.services/web-prepare-gl-parxls1bl.pidl::com.progress.openedge.pdt.bpmbindings" name="web-prepare-gl-parxls1bl" produces="application/json" verb="POST"/>
  </prgs:resource>
  <prgs:resource consumes="application/json" name="_glParXLS12" path="/glParXLS12" produces="application/json">
    <prgs:operation consumes="application/json" idls="VHPWebBased/.services/web-gl-parxls1_2bl.pidl::com.progress.openedge.pdt.bpmbindings" name="web-gl-parxls1_2bl" produces="application/json" verb="POST"/>
  </prgs:resource>
  <prgs:resource consumes="application/json" name="_glParXLS1Combo" path="/glParXLS1Combo" produces="application/json">
    <prgs:operation consumes="application/json" idls="VHPWebBased/.services/web-gl-parxls1-combobl.pidl::com.progress.openedge.pdt.bpmbindings" name="web-gl-parxls1-combobl" produces="application/json" verb="POST"/>
  </prgs:resource>
  <prgs:resource consumes="application/json" name="_glParXLS1FindExrate" path="/glParXLS1FindExrate" produces="application/json">
    <prgs:operation consumes="application/json" idls="VHPWebBased/.services/web-gl-parxls1-find-exratebl.pidl::com.progress.openedge.pdt.bpmbindings" name="web-gl-parxls1-find-exratebl" produces="application/json" verb="POST"/>
  </prgs:resource>
  <prgs:resource consumes="application/json" name="_glPrepareParXLS2" path="/glPrepareParXLS2" produces="application/json">
    <prgs:operation consumes="application/json" idls="VHPWebBased/.services/web-prepare-gl-parxls2bl.pidl::com.progress.openedge.pdt.bpmbindings" name="web-prepare-gl-parxls2bl" produces="application/json" verb="POST"/>
  </prgs:resource>
  <prgs:resource consumes="application/json" name="_glParserFillList" path="/glParserFillList" produces="application/json">
    <prgs:operation consumes="application/json" idls="VHPWebBased/.services/web-gl-parser-fill-listbl.pidl::com.progress.openedge.pdt.bpmbindings" name="web-gl-parser-fill-listbl" produces="application/json" verb="POST"/>
  </prgs:resource>
  <prgs:resource consumes="application/json" name="_glXLSJournPrepare" path="/glXLSJournPrepare" produces="application/json">
    <prgs:operation consumes="application/json" idls="VHPWebBased/.services/web-prepare-gl-xlsjournbl.pidl::com.progress.openedge.pdt.bpmbindings" name="web-prepare-gl-xlsjournbl" produces="application/json" verb="POST"/>
  </prgs:resource>
  <prgs:resource consumes="application/json" name="_glXLSJournGetJouhdr" path="/glXLSJournGetJouhdr" produces="application/json">
    <prgs:operation consumes="application/json" idls="VHPWebBased/.services/web-gl-xlsjourn-gljouhdrbl.pidl::com.progress.openedge.pdt.bpmbindings" name="web-gl-xlsjourn-gljouhdrbl" produces="application/json" verb="POST"/>
  </prgs:resource>
  <prgs:resource consumes="application/json" name="_glXLSJournGo" path="/glXLSJournGo" produces="application/json">
    <prgs:operation consumes="application/json" idls="VHPWebBased/.services/web-gl-xlsjourn-btn-gobl.pidl::com.progress.openedge.pdt.bpmbindings" name="web-gl-xlsjourn-btn-gobl" produces="application/json" verb="POST"/>
  </prgs:resource>
  <prgs:resource consumes="application/json" name="_glXLSJournPost" path="/glXLSJournPost" produces="application/json">
    <prgs:operation consumes="application/json" idls="VHPWebBased/.services/web-gl-xlsjourn-post-itbl.pidl::com.progress.openedge.pdt.bpmbindings" name="web-gl-xlsjourn-post-itbl" produces="application/json" verb="POST"/>
  </prgs:resource>
  <prgs:resource consumes="application/json" name="_trialCloseMonth1" path="/trialCloseMonth1" produces="application/json">
    <prgs:operation consumes="application/json" idls="VHPWebBased/.services/web-trial-closemon1bl.pidl::com.progress.openedge.pdt.bpmbindings" name="web-trial-closemon1bl" produces="application/json" verb="POST"/>
  </prgs:resource>
  <prgs:resource consumes="application/json" name="_trialCloseMonth2" path="/trialCloseMonth2" produces="application/json">
    <prgs:operation consumes="application/json" idls="VHPWebBased/.services/web-trial-closemon2bl.pidl::com.progress.openedge.pdt.bpmbindings" name="web-trial-closemon2bl" produces="application/json" verb="POST"/>
  </prgs:resource>
  <prgs:resource consumes="application/json" name="_closeMonth1" path="/closeMonth1" produces="application/json">
    <prgs:operation consumes="application/json" idls="VHPWebBased/.services/web-closemonth1bl.pidl::com.progress.openedge.pdt.bpmbindings" name="web-closemonth1bl" produces="application/json" verb="POST"/>
  </prgs:resource>
  <prgs:resource consumes="application/json" name="_closeMonth2" path="/closeMonth2" produces="application/json">
    <prgs:operation consumes="application/json" idls="VHPWebBased/.services/web-closemonth2bl.pidl::com.progress.openedge.pdt.bpmbindings" name="web-closemonth2bl" produces="application/json" verb="POST"/>
  </prgs:resource>
  <prgs:resource consumes="application/json" name="_closeMonth3" path="/closeMonth3" produces="application/json">
    <prgs:operation consumes="application/json" idls="VHPWebBased/.services/web-closemonth3bl.pidl::com.progress.openedge.pdt.bpmbindings" name="web-closemonth3bl" produces="application/json" verb="POST"/>
  </prgs:resource>
  <prgs:resource consumes="application/json" name="_glTransfHeadOffice1" path="/glTransfHeadOffice1" produces="application/json">
    <prgs:operation consumes="application/json" idls="VHPWebBased/.services/web-gl-transf-headoffice1bl.pidl::com.progress.openedge.pdt.bpmbindings" name="web-gl-transf-headoffice1bl" produces="application/json" verb="POST"/>
  </prgs:resource>
  <prgs:resource consumes="application/json" name="_closeYear1" path="/closeYear1" produces="application/json">
    <prgs:operation consumes="application/json" idls="VHPWebBased/.services/web-closeyearbl.pidl::com.progress.openedge.pdt.bpmbindings" name="web-closeyearbl" produces="application/json" verb="POST"/>
  </prgs:resource>
  <prgs:resource consumes="application/json" name="_closeYear2" path="/closeYear2" produces="application/json">
    <prgs:operation consumes="application/json" idls="VHPWebBased/.services/web-closeyear2bl.pidl::com.progress.openedge.pdt.bpmbindings" name="web-closeyear2bl" produces="application/json" verb="POST"/>
  </prgs:resource>
  <prgs:resource consumes="application/json" name="_delGLJournal" path="/delGLJournal" produces="application/json">
    <prgs:operation consumes="application/json" idls="VHPWebBased/.services/web-delete-gl-journalbl.pidl::com.progress.openedge.pdt.bpmbindings" name="web-delete-gl-journalbl" produces="application/json" verb="POST"/>
  </prgs:resource>
  <prgs:resource consumes="application/json" name="_glDepartAdminSave" path="/glDepartAdminSave" produces="application/json">
    <prgs:operation consumes="application/json" idls="VHPWebBased/.services/web-gldepart-admin-btn-exitbl.pidl::com.progress.openedge.pdt.bpmbindings" name="web-gldepart-admin-btn-exitbl" produces="application/json" verb="POST"/>
  </prgs:resource>
  <prgs:resource consumes="application/json" name="_glDepartAdminDelete" path="/glDepartAdminDelete" produces="application/json">
    <prgs:operation consumes="application/json" idls="VHPWebBased/.services/web-gldepart-adminbl.pidl::com.progress.openedge.pdt.bpmbindings" name="web-gldepart-adminbl" produces="application/json" verb="POST"/>
  </prgs:resource>
  <prgs:resource consumes="application/json" name="_glacct2Select" path="/glacct2Select" produces="application/json">
    <prgs:operation consumes="application/json" idls="VHPWebBased/.services/web-select-glacct2bl.pidl::com.progress.openedge.pdt.bpmbindings" name="web-select-glacct2bl" produces="application/json" verb="POST"/>
  </prgs:resource>
  <prgs:resource consumes="application/json" name="_glParXLS3List" path="/glParXLS3List" produces="application/json">
    <prgs:operation consumes="application/json" idls="VHPWebBased/.services/web-gl-parxls3-listbl.pidl::com.progress.openedge.pdt.bpmbindings" name="web-gl-parxls3-listbl" produces="application/json" verb="POST"/>
  </prgs:resource>
  <prgs:resource consumes="application/json" name="_gljournFillGLJournalChgCheck" path="/gljournFillGLJournalChgCheck" produces="application/json">
    <prgs:operation consumes="application/json" idls="VHPWebBased/.services/web-chg-check-gljourn-fill-gl-journalbl.pidl::com.progress.openedge.pdt.bpmbindings" name="web-chg-check-gljourn-fill-gl-journalbl" produces="application/json" verb="POST"/>
  </prgs:resource>
  <prgs:resource consumes="application/json" name="_getTrialBalanceViewDetailChkEdit" path="/getTrialBalanceViewDetailChkEdit" produces="application/json">
    <prgs:operation consumes="application/json" idls="VHPWebBased/.services/web-gl-detail1-chk-editbl.pidl::com.progress.openedge.pdt.bpmbindings" name="web-gl-detail1-chk-editbl" produces="application/json" verb="POST"/>
  </prgs:resource>
</prgs:model>
