<?xml version="1.0" encoding="UTF-8"?>
<prgs:model xmlns:prgs="http://www.progress.com/caf/camel/component/prgrs" id="resourceModel">
  <prgs:resource consumes="application/json" name="_loadSetup" path="/selfOrderLoadSetup" produces="application/json">
    <prgs:operation consumes="application/json" idls="VHPWebBased/.services/web-selforder-loadsetupbl.pidl::com.progress.openedge.pdt.bpmbindings" name="web-selforder-loadsetupbl" produces="application/json" verb="POST"/>
  </prgs:resource>
  <prgs:resource consumes="application/json" name="_selfOrderLoadArticle" path="/selfOrderLoadArticle" produces="application/json">
    <prgs:operation consumes="application/json" idls="VHPWebBased/.services/web-selforder-loadarticlebl.pidl::com.progress.openedge.pdt.bpmbindings" name="web-selforder-loadarticlebl" produces="application/json" verb="POST"/>
  </prgs:resource>
  <prgs:resource consumes="application/json" name="_selfOrderViewOrderedItem" path="/selfOrderViewOrderedItem" produces="application/json">
    <prgs:operation consumes="application/json" idls="VHPWebBased/.services/web-selforder-vieworderitembl.pidl::com.progress.openedge.pdt.bpmbindings" name="web-selforder-vieworderitembl" produces="application/json" verb="POST"/>
  </prgs:resource>
  <prgs:resource consumes="application/json" name="_selfOrderPostItem" path="/selfOrderPostItem" produces="application/json">
    <prgs:operation consumes="application/json" idls="VHPWebBased/.services/web-selforder-post-itembl.pidl::com.progress.openedge.pdt.bpmbindings" name="web-selforder-post-itembl" produces="application/json" verb="POST"/>
  </prgs:resource>
  <prgs:resource consumes="application/json" name="_selfOrderViewOrder" path="/selfOrderViewOrder" produces="application/json">
    <prgs:operation consumes="application/json" idls="VHPWebBased/.services/web-selforder-viewordered-itembl.pidl::com.progress.openedge.pdt.bpmbindings" name="web-selforder-viewordered-itembl" produces="application/json" verb="POST"/>
  </prgs:resource>
  <prgs:resource consumes="application/json" name="_selfOrderGetParams" path="/selfOrderGetParams" produces="application/json">
    <prgs:operation consumes="application/json" idls="VHPWebBased/.services/web-selforder-getparamsbl.pidl::com.progress.openedge.pdt.bpmbindings" name="web-selforder-getparamsbl" produces="application/json" verb="POST"/>
  </prgs:resource>
  <prgs:resource consumes="application/json" name="_postPaymentGateway" path="/postPaymentGateway" produces="application/json">
    <prgs:operation consumes="application/json" idls="VHPWebBased/.services/web-selforder-post-payment-gatewaybl.pidl::com.progress.openedge.pdt.bpmbindings" name="web-selforder-post-payment-gatewaybl" produces="application/json" verb="POST"/>
  </prgs:resource>
  <prgs:resource consumes="application/json" name="_startSessionPaymentGateway" path="/startSessionPaymentGateway" produces="application/json">
    <prgs:operation consumes="application/json" idls="VHPWebBased/.services/web-selforder-session-payment-gatewaybl.pidl::com.progress.openedge.pdt.bpmbindings" name="web-selforder-session-payment-gatewaybl" produces="application/json" verb="POST"/>
  </prgs:resource>
  <prgs:resource consumes="application/json" name="_checkStatusPaymentGateway" path="/checkStatusPaymentGateway" produces="application/json">
    <prgs:operation consumes="application/json" idls="VHPWebBased/.services/web-selforder-cek-payment-gatewaybl.pidl::com.progress.openedge.pdt.bpmbindings" name="web-selforder-cek-payment-gatewaybl" produces="application/json" verb="POST"/>
  </prgs:resource>
  <prgs:resource consumes="application/json" name="_selforderVerifyRoomService" path="/selforderVerifyRoomService" produces="application/json">
    <prgs:operation consumes="application/json" idls="VHPWebBased/.services/web-selforder-verify-roombl.pidl::com.progress.openedge.pdt.bpmbindings" name="web-selforder-verify-roombl" produces="application/json" verb="POST"/>
  </prgs:resource>
  <prgs:resource consumes="application/json" name="_selfOrderAskForBill" path="/selforderAskForBill" produces="application/json">
    <prgs:operation consumes="application/json" idls="VHPWebBased/.services/web-selforder-askforbillbl.pidl::com.progress.openedge.pdt.bpmbindings" name="web-selforder-askforbillbl" produces="application/json" verb="POST"/>
  </prgs:resource>
  <prgs:resource consumes="application/json" name="_selfOrderSendBill" path="/selfOrderSendBill" produces="application/json">
    <prgs:operation consumes="application/json" idls="VHPWebBased/.services/web-selforder-send-billbl.pidl::com.progress.openedge.pdt.bpmbindings" name="web-selforder-send-billbl" produces="application/json" verb="POST"/>
  </prgs:resource>
  <prgs:resource consumes="application/json" name="_loadGeneralSetup" path="/loadGeneralSetup" produces="application/json">
    <prgs:operation consumes="application/json" idls="VHPWebBased/.services/web-selforder-load-common-setupbl.pidl::com.progress.openedge.pdt.bpmbindings" name="web-selforder-load-common-setupbl" produces="application/json" verb="POST"/>
  </prgs:resource>
  <prgs:resource consumes="application/json" name="_dashboard_selforderMaingroupAdminPrepare" path="/dashboard/selforderMaingroupAdminPrepare" produces="application/json">
    <prgs:operation consumes="application/json" idls="VHPWebBased/.services/web-prepare-selforder-maingrup-adminbl.pidl::com.progress.openedge.pdt.bpmbindings" name="web-prepare-selforder-maingrup-adminbl" produces="application/json" verb="POST"/>
  </prgs:resource>
  <prgs:resource consumes="application/json" name="_dashboard_selforderMaingroupAdminWrite" path="/dashboard/selforderMaingroupAdminWrite" produces="application/json">
    <prgs:operation consumes="application/json" idls="VHPWebBased/.services/web-write-selforder-maingrup-adminbl.pidl::com.progress.openedge.pdt.bpmbindings" name="web-write-selforder-maingrup-adminbl" produces="application/json" verb="POST"/>
  </prgs:resource>
  <prgs:resource consumes="application/json" name="_dashboard_selforderMaingroupAdminDelete" path="/dashboard/selforderMaingroupAdminDelete" produces="application/json">
    <prgs:operation consumes="application/json" idls="VHPWebBased/.services/web-delete-selforder-maingrup-adminbl.pidl::com.progress.openedge.pdt.bpmbindings" name="web-delete-selforder-maingrup-adminbl" produces="application/json" verb="POST"/>
  </prgs:resource>
  <prgs:resource consumes="application/json" name="_dashboard_posODCancel" path="/dashboard/posODCancel" produces="application/json">
    <prgs:operation consumes="application/json" idls="VHPWebBased/.services/web-pos-dashboard-odcancelbl.pidl::com.progress.openedge.pdt.bpmbindings" name="web-pos-dashboard-odcancelbl" produces="application/json" verb="POST"/>
  </prgs:resource>
  <prgs:resource consumes="application/json" name="_dashboard_posODCancelPrepare" path="/dashboard/posODCancelPrepare" produces="application/json">
    <prgs:operation consumes="application/json" idls="VHPWebBased/.services/web-pos-dashboard-prepare-odcancelbl.pidl::com.progress.openedge.pdt.bpmbindings" name="web-pos-dashboard-prepare-odcancelbl" produces="application/json" verb="POST"/>
  </prgs:resource>
  <prgs:resource consumes="application/json" name="_dashboard_selforderAdminPrepare" path="/dashboard/selforderAdminPrepare" produces="application/json">
    <prgs:operation consumes="application/json" idls="VHPWebBased/.services/web-prepare-selforder-adminbl.pidl::com.progress.openedge.pdt.bpmbindings" name="web-prepare-selforder-adminbl" produces="application/json" verb="POST"/>
  </prgs:resource>
  <prgs:resource consumes="application/json" name="_dashboard_selforderAdmin" path="/dashboard/selforderAdmin" produces="application/json">
    <prgs:operation consumes="application/json" idls="VHPWebBased/.services/web-selforder-adminbl.pidl::com.progress.openedge.pdt.bpmbindings" name="web-selforder-adminbl" produces="application/json" verb="POST"/>
  </prgs:resource>
  <prgs:resource consumes="application/json" name="_dashboard_selforderArticleAdminPrepare" path="/dashboard/selforderArticleAdminPrepare" produces="application/json">
    <prgs:operation consumes="application/json" idls="VHPWebBased/.services/web-prepare-selforder-articleadminbl.pidl::com.progress.openedge.pdt.bpmbindings" name="web-prepare-selforder-articleadminbl" produces="application/json" verb="POST"/>
  </prgs:resource>
  <prgs:resource consumes="application/json" name="_dashboard_selforderArticleAdmin" path="/dashboard/selforderArticleAdmin" produces="application/json">
    <prgs:operation consumes="application/json" idls="VHPWebBased/.services/web-selforder-articleadminbl.pidl::com.progress.openedge.pdt.bpmbindings" name="web-selforder-articleadminbl" produces="application/json" verb="POST"/>
  </prgs:resource>
  <prgs:resource consumes="application/json" name="_dashboard_selforderSubgroupAdmin" path="/dashboard/selforderSubgroupAdminPrepare" produces="application/json">
    <prgs:operation consumes="application/json" idls="VHPWebBased/.services/web-prepare-selforder-subgrup-adminbl.pidl::com.progress.openedge.pdt.bpmbindings" name="web-prepare-selforder-subgrup-adminbl" produces="application/json" verb="POST"/>
  </prgs:resource>
  <prgs:resource consumes="application/json" name="_dashboard_selforderSubgroupAdmin_1" path="/dashboard/selforderSubgroupAdminWrite" produces="application/json">
    <prgs:operation consumes="application/json" idls="VHPWebBased/.services/web-write-selforder-subgrup-adminbl.pidl::com.progress.openedge.pdt.bpmbindings" name="web-write-selforder-subgrup-adminbl" produces="application/json" verb="POST"/>
  </prgs:resource>
  <prgs:resource consumes="application/json" name="_dashboard_selforderLoadParamAdmin" path="/dashboard/selforderLoadparamAdmin" produces="application/json">
    <prgs:operation consumes="application/json" idls="VHPWebBased/.services/web-selforder-admin-loadparambl.pidl::com.progress.openedge.pdt.bpmbindings" name="web-selforder-admin-loadparambl" produces="application/json" verb="POST"/>
  </prgs:resource>
  <prgs:resource consumes="application/json" name="_dashboard_posDashboardPrepare" path="/dashboard/posDashboardPrepare" produces="application/json">
    <prgs:operation consumes="application/json" idls="VHPWebBased/.services/web-pos-dashboard-prepare-webbl.pidl::com.progress.openedge.pdt.bpmbindings" name="web-pos-dashboard-prepare-webbl" produces="application/json" verb="POST"/>
  </prgs:resource>
  <prgs:resource consumes="application/json" name="_dashboard_mappingPGList" path="/dashboard/mappingPGList" produces="application/json">
    <prgs:operation consumes="application/json" idls="VHPWebBased/.services/web-mapping-pglistbl.pidl::com.progress.openedge.pdt.bpmbindings" name="web-mapping-pglistbl" produces="application/json" verb="POST"/>
  </prgs:resource>
  <prgs:resource consumes="application/json" name="_dashboard_mappingPGListRefresh" path="/dashboard/mappingPGListRefresh" produces="application/json">
    <prgs:operation consumes="application/json" idls="VHPWebBased/.services/web-refresh-mapping-pglistbl.pidl::com.progress.openedge.pdt.bpmbindings" name="web-refresh-mapping-pglistbl" produces="application/json" verb="POST"/>
  </prgs:resource>
  <prgs:resource consumes="application/json" name="_dashboard_mappingPGListUpdate" path="/dashboard/mappingPGListUpdate" produces="application/json">
    <prgs:operation consumes="application/json" idls="VHPWebBased/.services/web-update-mapping-pglist-webbl.pidl::com.progress.openedge.pdt.bpmbindings" name="web-update-mapping-pglist-webbl" produces="application/json" verb="POST"/>
  </prgs:resource>
  <prgs:resource consumes="application/json" name="_dashboard_posAutoRefresh" path="/dashboard/posAutoRefresh" produces="application/json">
    <prgs:operation consumes="application/json" idls="VHPWebBased/.services/web-pos-dashboard-auto-refresh-webbl.pidl::com.progress.openedge.pdt.bpmbindings" name="web-pos-dashboard-auto-refresh-webbl" produces="application/json" verb="POST"/>
  </prgs:resource>
  <prgs:resource consumes="application/json" name="_dashboard_waiterAccountCheck" path="/dashboard/waiterAccountCheck" produces="application/json">
    <prgs:operation consumes="application/json" idls="VHPWebBased/.services/web-pos-dashboard-check-waiteraccountbl.pidl::com.progress.openedge.pdt.bpmbindings" name="web-pos-dashboard-check-waiteraccountbl" produces="application/json" verb="POST"/>
  </prgs:resource>
  <prgs:resource consumes="application/json" name="_dashboard_postOrderInitialize" path="/dashboard/postOrderInitialize" produces="application/json">
    <prgs:operation consumes="application/json" idls="VHPWebBased/.services/web-pos-dashboard-initialize-postorder-webbl.pidl::com.progress.openedge.pdt.bpmbindings" name="web-pos-dashboard-initialize-postorder-webbl" produces="application/json" verb="POST"/>
  </prgs:resource>
  <prgs:resource consumes="application/json" name="_dashboard_postOrder" path="/dashboard/postOrder" produces="application/json">
    <prgs:operation consumes="application/json" idls="VHPWebBased/.services/web-pos-dashboard-postorder-webbl.pidl::com.progress.openedge.pdt.bpmbindings" name="web-pos-dashboard-postorder-webbl" produces="application/json" verb="POST"/>
  </prgs:resource>
  <prgs:resource consumes="application/json" name="_dashboard_tableRelease" path="/dashboard/tableRelease" produces="application/json">
    <prgs:operation consumes="application/json" idls="VHPWebBased/.services/web-pos-dashboard-release-tablebl.pidl::com.progress.openedge.pdt.bpmbindings" name="web-pos-dashboard-release-tablebl" produces="application/json" verb="POST"/>
  </prgs:resource>
  <prgs:resource consumes="application/json" name="_dashboard_qrShow" path="/dashboard/qrShow" produces="application/json">
    <prgs:operation consumes="application/json" idls="VHPWebBased/.services/web-pos-dashboard-showqr-webbl.pidl::com.progress.openedge.pdt.bpmbindings" name="web-pos-dashboard-showqr-webbl" produces="application/json" verb="POST"/>
  </prgs:resource>
  <prgs:resource consumes="application/json" name="_dashboard_selforderArticleAdminChangeActiveSoldout" path="/dashboard/selforderArticleAdminChangeActiveSoldout" produces="application/json">
    <prgs:operation consumes="application/json" idls="VHPWebBased/.services/web-selforder-articleadmin-change-active-soldoutbl.pidl::com.progress.openedge.pdt.bpmbindings" name="web-selforder-articleadmin-change-active-soldoutbl" produces="application/json" verb="POST"/>
  </prgs:resource>
  <prgs:resource consumes="application/json" name="_selfOrderAdminCheck" path="/selfOrderAdminCheck" produces="application/json">
    <prgs:operation consumes="application/json" idls="VHPWebBased/.services/web-selforder-admin-checkbl.pidl::com.progress.openedge.pdt.bpmbindings" name="web-selforder-admin-checkbl" produces="application/json" verb="POST"/>
  </prgs:resource>
</prgs:model>
