<?xml version="1.0" encoding="UTF-8"?>
<prgs:model xmlns:prgs="http://www.progress.com/caf/camel/component/prgrs" id="resourceModel">
  <prgs:resource consumes="application/json" name="_getRoomStatus" path="/getRoomStatus" produces="application/json">
    <prgs:operation consumes="application/json" idls="VHPWebBased/.services/web-hk-get-statusbl.pidl::com.progress.openedge.pdt.bpmbindings" name="web-hk-get-statusbl" produces="application/json" verb="POST"/>
  </prgs:resource>
  <prgs:resource consumes="application/json" name="_getHKOverview" path="/getOverview" produces="application/json">
    <prgs:operation consumes="application/json" idls="VHPWebBased/.services/web-hk-count-webbl.pidl::com.progress.openedge.pdt.bpmbindings" name="web-hk-count-webbl" produces="application/json" verb="POST"/>
  </prgs:resource>
  <prgs:resource consumes="application/json" name="_addOffMarketRooms" path="/addOffMarketRooms" produces="application/json">
    <prgs:operation consumes="application/json" idls="VHPWebBased/.services/web-hk-change-room-status-ombl.pidl::com.progress.openedge.pdt.bpmbindings" name="web-hk-change-room-status-ombl" produces="application/json" verb="POST"/>
  </prgs:resource>
  <prgs:resource consumes="application/json" name="_addOOORooms" path="/addOutOfOrderRooms" produces="application/json">
    <prgs:operation consumes="application/json" idls="VHPWebBased/.services/web-hk-change-room-status-ooobl.pidl::com.progress.openedge.pdt.bpmbindings" name="web-hk-change-room-status-ooobl" produces="application/json" verb="POST"/>
  </prgs:resource>
  <prgs:resource consumes="application/json" name="_changeRoomStatus" path="/changeRoomStatus" produces="application/json">
    <prgs:operation consumes="application/json" idls="VHPWebBased/.services/web-hk-change-room-statusbl.pidl::com.progress.openedge.pdt.bpmbindings" name="web-hk-change-room-statusbl" produces="application/json" verb="POST"/>
  </prgs:resource>
  <prgs:resource consumes="application/json" name="_deactivateOOOandOM" path="/deactivateOOOandOM" produces="application/json">
    <prgs:operation consumes="application/json" idls="VHPWebBased/.services/web-hk-deactivate-ooobl.pidl::com.progress.openedge.pdt.bpmbindings" name="web-hk-deactivate-ooobl" produces="application/json" verb="POST"/>
  </prgs:resource>
  <prgs:resource consumes="application/json" name="_getOOOandOM" path="/getOOOandOM" produces="application/json">
    <prgs:operation consumes="application/json" idls="VHPWebBased/.services/web-hk-ooo-ombl.pidl::com.progress.openedge.pdt.bpmbindings" name="web-hk-ooo-ombl" produces="application/json" verb="POST"/>
  </prgs:resource>
  <prgs:resource consumes="application/json" name="_updateOOOandOM" path="/updateOOOandOM" produces="application/json">
    <prgs:operation consumes="application/json" idls="VHPWebBased/.services/web-hk-update-ooo-ombl.pidl::com.progress.openedge.pdt.bpmbindings" name="web-hk-update-ooo-ombl" produces="application/json" verb="POST"/>
  </prgs:resource>
  <prgs:resource consumes="application/json" name="_getRoomingList" path="/getRoomingList" produces="application/json">
    <prgs:operation consumes="application/json" idls="VHPWebBased/.services/web-hk-roomlist_1bl.pidl::com.progress.openedge.pdt.bpmbindings" name="web-hk-roomlist_1bl" produces="application/json" verb="POST"/>
  </prgs:resource>
  <prgs:resource consumes="application/json" name="_getStoreRoomDiscrepancyList" path="/getStoreRoomDiscrepancyList" produces="application/json">
    <prgs:operation consumes="application/json" idls="VHPWebBased/.services/web-hk-discrepancybl.pidl::com.progress.openedge.pdt.bpmbindings" name="web-hk-discrepancybl" produces="application/json" verb="POST"/>
  </prgs:resource>
  <prgs:resource consumes="application/json" name="_getLostAndFound" path="/getLostAndFound" produces="application/json">
    <prgs:operation consumes="application/json" idls="VHPWebBased/.services/web-hk-get-lostfoundbl.pidl::com.progress.openedge.pdt.bpmbindings" name="web-hk-get-lostfoundbl" produces="application/json" verb="POST"/>
  </prgs:resource>
  <prgs:resource consumes="application/json" name="_UpdateAddLostAndFound" path="/updateAddLostAndFound" produces="application/json">
    <prgs:operation consumes="application/json" idls="VHPWebBased/.services/web-hk-update-add-lostfoundbl.pidl::com.progress.openedge.pdt.bpmbindings" name="web-hk-update-add-lostfoundbl" produces="application/json" verb="POST"/>
  </prgs:resource>
  <prgs:resource consumes="application/json" name="_deleteLostAndFound" path="/deleteLostAndFound" produces="application/json">
    <prgs:operation consumes="application/json" idls="VHPWebBased/.services/web-hk-del-lostfoundbl.pidl::com.progress.openedge.pdt.bpmbindings" name="web-hk-del-lostfoundbl" produces="application/json" verb="POST"/>
  </prgs:resource>
  <prgs:resource consumes="application/json" name="_getSelectedRoom" path="/getSelectedRoom" produces="application/json">
    <prgs:operation consumes="application/json" idls="VHPWebBased/.services/web-hk-get-ooo-omdetailbl.pidl::com.progress.openedge.pdt.bpmbindings" name="web-hk-get-ooo-omdetailbl" produces="application/json" verb="POST"/>
  </prgs:resource>
  <prgs:resource consumes="application/json" name="_getDepartmentList" path="/getDepartmentList" produces="application/json">
    <prgs:operation consumes="application/json" idls="VHPWebBased/.services/web-load-hoteldptbl.pidl::com.progress.openedge.pdt.bpmbindings" name="web-load-hoteldptbl" produces="application/json" verb="POST"/>
  </prgs:resource>
  <prgs:resource consumes="application/json" name="_getHKDeptList" path="/getHKDeptList" produces="application/json">
    <prgs:operation consumes="application/json" idls="VHPWebBased/.services/web-prepare-select-flagdeptbl.pidl::com.progress.openedge.pdt.bpmbindings" name="web-prepare-select-flagdeptbl" produces="application/json" verb="POST"/>
  </prgs:resource>
  <prgs:resource consumes="application/json" name="_getTaskReport" path="/getTaskReport" produces="application/json">
    <prgs:operation consumes="application/json" idls="VHPWebBased/.services/web-prepare-flag-report_1bl.pidl::com.progress.openedge.pdt.bpmbindings" name="web-prepare-flag-report_1bl" produces="application/json" verb="POST"/>
  </prgs:resource>
  <prgs:resource consumes="application/json" name="_addTaskList" path="/addTaskReport" produces="application/json">
    <prgs:operation consumes="application/json" idls="VHPWebBased/.services/web-flag-report_1bl.pidl::com.progress.openedge.pdt.bpmbindings" name="web-flag-report_1bl" produces="application/json" verb="POST"/>
  </prgs:resource>
  <prgs:resource consumes="application/json" name="_getRoomMaidReport" path="/getRoomMaid" produces="application/json">
    <prgs:operation consumes="application/json" idls="VHPWebBased/.services/web-hk-zimaidbl.pidl::com.progress.openedge.pdt.bpmbindings" name="web-hk-zimaidbl" produces="application/json" verb="POST"/>
  </prgs:resource>
  <prgs:resource consumes="application/json" name="_getAutoRoomMaid" path="/getAutoRoomMaid" produces="application/json">
    <prgs:operation consumes="application/json" idls="VHPWebBased/.services/web-auto-room-maidlistbl.pidl::com.progress.openedge.pdt.bpmbindings" name="web-auto-room-maidlistbl" produces="application/json" verb="POST"/>
  </prgs:resource>
  <prgs:resource consumes="application/json" name="_getDailyRoomUsage" path="/getDailyRoomUsage" produces="application/json">
    <prgs:operation consumes="application/json" idls="VHPWebBased/.services/web-day-ruse-create-browsebl.pidl::com.progress.openedge.pdt.bpmbindings" name="web-day-ruse-create-browsebl" produces="application/json" verb="POST"/>
  </prgs:resource>
  <prgs:resource consumes="application/json" name="_getRoomAddLostFound" path="/getRoomAddLostFound" produces="application/json">
    <prgs:operation consumes="application/json" idls="VHPWebBased/.services/web-hk-lostfound-getroombl.pidl::com.progress.openedge.pdt.bpmbindings" name="web-hk-lostfound-getroombl" produces="application/json" verb="POST"/>
  </prgs:resource>
  <prgs:resource consumes="application/json" name="_getRoomCountSheet" path="/getRoomCountSheet" produces="application/json">
    <prgs:operation consumes="application/json" idls="VHPWebBased/.services/web-hk-countsheetbl.pidl::com.progress.openedge.pdt.bpmbindings" name="web-hk-countsheetbl" produces="application/json" verb="POST"/>
  </prgs:resource>
  <prgs:resource consumes="application/json" name="_getPrepareRoomPlan" path="/getPrepareRoomPlan" produces="application/json">
    <prgs:operation consumes="application/json" idls="VHPWebBased/.services/web-prepare-hk-roomplanbl.pidl::com.progress.openedge.pdt.bpmbindings" name="web-prepare-hk-roomplanbl" produces="application/json" verb="POST"/>
  </prgs:resource>
  <prgs:resource consumes="application/json" name="_getRoomPlan" path="/getRoomPlan" produces="application/json">
    <prgs:operation consumes="application/json" idls="VHPWebBased/.services/web-hk-roomplan-create-browsebl.pidl::com.progress.openedge.pdt.bpmbindings" name="web-hk-roomplan-create-browsebl" produces="application/json" verb="POST"/>
  </prgs:resource>
  <prgs:resource consumes="application/json" name="_getBirthdayList" path="/getBirthdayList" produces="application/json">
    <prgs:operation consumes="application/json" idls="VHPWebBased/.services/web-birthday-list_1bl.pidl::com.progress.openedge.pdt.bpmbindings" name="web-birthday-list_1bl" produces="application/json" verb="POST"/>
  </prgs:resource>
  <prgs:resource consumes="application/json" name="_getTaskReportList" path="/getTaskReportList" produces="application/json">
    <prgs:operation consumes="application/json" idls="VHPWebBased/.services/web-flag-report-create-listbl.pidl::com.progress.openedge.pdt.bpmbindings" name="web-flag-report-create-listbl" produces="application/json" verb="POST"/>
  </prgs:resource>
  <prgs:resource consumes="application/json" name="_updateTaskReportList" path="/updateTaskReportList" produces="application/json">
    <prgs:operation consumes="application/json" idls="VHPWebBased/.services/web-flag-replistbl.pidl::com.progress.openedge.pdt.bpmbindings" name="web-flag-replistbl" produces="application/json" verb="POST"/>
  </prgs:resource>
  <prgs:resource consumes="application/json" name="_getGuestPreferenceList" path="/getGuestPreferenceList" produces="application/json">
    <prgs:operation consumes="application/json" idls="VHPWebBased/.services/web-load-queasybl.pidl::com.progress.openedge.pdt.bpmbindings" name="web-load-queasybl" produces="application/json" verb="POST"/>
  </prgs:resource>
  <prgs:resource consumes="application/json" name="_getGuestPreferenceQueryRooms" path="/getGuestPreferenceQueryRooms" produces="application/json">
    <prgs:operation consumes="application/json" idls="VHPWebBased/.services/web-hk-read-res-linebl.pidl::com.progress.openedge.pdt.bpmbindings" name="web-hk-read-res-linebl" produces="application/json" verb="POST"/>
  </prgs:resource>
  <prgs:resource consumes="application/json" name="_getGuestPreferenceDeleteList" path="/getGuestPreferenceDeleteList" produces="application/json">
    <prgs:operation consumes="application/json" idls="VHPWebBased/.services/web-delete-queasybl.pidl::com.progress.openedge.pdt.bpmbindings" name="web-delete-queasybl" produces="application/json" verb="POST"/>
  </prgs:resource>
  <prgs:resource consumes="application/json" name="_getGuestPreferenceAddList" path="/getGuestPreferenceAddList" produces="application/json">
    <prgs:operation consumes="application/json" idls="VHPWebBased/.services/web-hk-preference-btn-exitbl.pidl::com.progress.openedge.pdt.bpmbindings" name="web-hk-preference-btn-exitbl" produces="application/json" verb="POST"/>
  </prgs:resource>
  <prgs:resource consumes="application/json" name="_getGuestPreferenceChgList" path="/getGuestPreferenceChgList" produces="application/json">
    <prgs:operation consumes="application/json" idls="VHPWebBased/.services/web-write-queasybl.pidl::com.progress.openedge.pdt.bpmbindings" name="web-write-queasybl" produces="application/json" verb="POST"/>
  </prgs:resource>
  <prgs:resource consumes="application/json" name="_getVipList" path="/getPrepareVipList" produces="application/json">
    <prgs:operation consumes="application/json" idls="VHPWebBased/.services/web-prepare-vip-listbl.pidl::com.progress.openedge.pdt.bpmbindings" name="web-prepare-vip-listbl" produces="application/json" verb="POST"/>
  </prgs:resource>
  <prgs:resource consumes="application/json" name="_getVipQueryBtnGo" path="/getVipList" produces="application/json">
    <prgs:operation consumes="application/json" idls="VHPWebBased/.services/web-vip-list-disp-arlistbl.pidl::com.progress.openedge.pdt.bpmbindings" name="web-vip-list-disp-arlistbl" produces="application/json" verb="POST"/>
  </prgs:resource>
  <prgs:resource consumes="application/json" name="_getGuestHistoryList" path="/getGuestHistoryList" produces="application/json">
    <prgs:operation consumes="application/json" idls="VHPWebBased/.services/web-hk-histlist_1bl.pidl::com.progress.openedge.pdt.bpmbindings" name="web-hk-histlist_1bl" produces="application/json" verb="POST"/>
  </prgs:resource>
  <prgs:resource consumes="application/json" name="_getRoomChangeReport" path="/getRoomChangeReport" produces="application/json">
    <prgs:operation consumes="application/json" idls="VHPWebBased/.services/web-hk-rmchange_1bl.pidl::com.progress.openedge.pdt.bpmbindings" name="web-hk-rmchange_1bl" produces="application/json" verb="POST"/>
  </prgs:resource>
  <prgs:resource consumes="application/json" name="_getExtrabedAvailability" path="/getExtrabedAvailability" produces="application/json">
    <prgs:operation consumes="application/json" idls="VHPWebBased/.services/web-hk-availextra.pidl::com.progress.openedge.pdt.bpmbindings" name="web-hk-availextra" produces="application/json" verb="POST"/>
  </prgs:resource>
  <prgs:resource consumes="application/json" name="_getPrepareGuestHistoryList" path="/getPrepareGuestHistoryList" produces="application/json">
    <prgs:operation consumes="application/json" idls="VHPWebBased/.services/web-prepare-hk-histlistbl.pidl::com.progress.openedge.pdt.bpmbindings" name="web-prepare-hk-histlistbl" produces="application/json" verb="POST"/>
  </prgs:resource>
  <prgs:resource consumes="application/json" name="_getRoomPlanResData" path="/getRoomPlanResData" produces="application/json">
    <prgs:operation consumes="application/json" idls="VHPWebBased/.services/web-hk-display-resdatabl.pidl::com.progress.openedge.pdt.bpmbindings" name="web-hk-display-resdatabl" produces="application/json" verb="POST"/>
  </prgs:resource>
  <prgs:resource consumes="application/json" name="_getAvailArticle" path="/getAvailArticle" produces="application/json">
    <prgs:operation consumes="application/json" idls="VHPWebBased/.services/web-hk-availextra-getartbl.pidl::com.progress.openedge.pdt.bpmbindings" name="web-hk-availextra-getartbl" produces="application/json" verb="POST"/>
  </prgs:resource>
  <prgs:resource consumes="application/json" name="_getPrepareMonthlyFcast" path="/getPrepareMonthlyFcast" produces="application/json">
    <prgs:operation consumes="application/json" idls="VHPWebBased/.services/web-prepare-cr-occfcast1_1bl.pidl::com.progress.openedge.pdt.bpmbindings" name="web-prepare-cr-occfcast1_1bl" produces="application/json" verb="POST"/>
  </prgs:resource>
  <prgs:resource consumes="application/json" name="_getMonthlyFcast" path="/getMonthlyFcast" produces="application/json">
    <prgs:operation consumes="application/json" idls="VHPWebBased/.services/web-occ-fcast-getdatabl.pidl::com.progress.openedge.pdt.bpmbindings" name="web-occ-fcast-getdatabl" produces="application/json" verb="POST"/>
  </prgs:resource>
  <prgs:resource consumes="application/json" name="_statadminActivateOOO" path="/statadminActivateOOO" produces="application/json">
    <prgs:operation consumes="application/json" idls="VHPWebBased/.services/web-hk-statadmin-activate-ooobl.pidl::com.progress.openedge.pdt.bpmbindings" name="web-hk-statadmin-activate-ooobl" produces="application/json" verb="POST"/>
  </prgs:resource>
  <prgs:resource consumes="application/json" name="_statadminStartChgstat" path="/statadminStartChgstat" produces="application/json">
    <prgs:operation consumes="application/json" idls="VHPWebBased/.services/web-hk-statadmin-start-chgstatbl.pidl::com.progress.openedge.pdt.bpmbindings" name="web-hk-statadmin-start-chgstatbl" produces="application/json" verb="POST"/>
  </prgs:resource>
  <prgs:resource consumes="application/json" name="_statadminActivateOMDept" path="/statadminActivateOMDept" produces="application/json">
    <prgs:operation consumes="application/json" idls="VHPWebBased/.services/web-hk-statadmin-activate-om-deptbl.pidl::com.progress.openedge.pdt.bpmbindings" name="web-hk-statadmin-activate-om-deptbl" produces="application/json" verb="POST"/>
  </prgs:resource>
  <prgs:resource consumes="application/json" name="_statadminPrepare" path="/statadminPrepare" produces="application/json">
    <prgs:operation consumes="application/json" idls="VHPWebBased/.services/web-prepare-hk-statadminbl.pidl::com.progress.openedge.pdt.bpmbindings" name="web-prepare-hk-statadminbl" produces="application/json" verb="POST"/>
  </prgs:resource>
  <prgs:resource consumes="application/json" name="_statadmin2Prepare" path="/statadmin2Prepare" produces="application/json">
    <prgs:operation consumes="application/json" idls="VHPWebBased/.services/web-prepare-hk-statadmin2bl.pidl::com.progress.openedge.pdt.bpmbindings" name="web-prepare-hk-statadmin2bl" produces="application/json" verb="POST"/>
  </prgs:resource>
  <prgs:resource consumes="application/json" name="_statadminDeactivateOOO" path="/statadminDeactivateOOO" produces="application/json">
    <prgs:operation consumes="application/json" idls="VHPWebBased/.services/web-hk-statadmin-deactivate-ooobl.pidl::com.progress.openedge.pdt.bpmbindings" name="web-hk-statadmin-deactivate-ooobl" produces="application/json" verb="POST"/>
  </prgs:resource>
  <prgs:resource consumes="application/json" name="_statadminChkBtnExit" path="/statadminChkBtnExit" produces="application/json">
    <prgs:operation consumes="application/json" idls="VHPWebBased/.services/web-hk-statadmin-chk-btn-exitbl.pidl::com.progress.openedge.pdt.bpmbindings" name="web-hk-statadmin-chk-btn-exitbl" produces="application/json" verb="POST"/>
  </prgs:resource>
  <prgs:resource consumes="application/json" name="_statadminChkBtnExit1" path="/statadminChkBtnExit1" produces="application/json">
    <prgs:operation consumes="application/json" idls="VHPWebBased/.services/web-hk-statadmin-chk-btn-exit1bl.pidl::com.progress.openedge.pdt.bpmbindings" name="web-hk-statadmin-chk-btn-exit1bl" produces="application/json" verb="POST"/>
  </prgs:resource>
  <prgs:resource consumes="application/json" name="_statadminChgZistatus" path="/statadminChgZistatus" produces="application/json">
    <prgs:operation consumes="application/json" idls="VHPWebBased/.services/web-hk-statadmin-chg-zistatusbl.pidl::com.progress.openedge.pdt.bpmbindings" name="web-hk-statadmin-chg-zistatusbl" produces="application/json" verb="POST"/>
  </prgs:resource>
  <prgs:resource consumes="application/json" name="_statadminB1" path="/statadminB1" produces="application/json">
    <prgs:operation consumes="application/json" idls="VHPWebBased/.services/web-hk-statadmin-b1bl.pidl::com.progress.openedge.pdt.bpmbindings" name="web-hk-statadmin-b1bl" produces="application/json" verb="POST"/>
  </prgs:resource>
  <prgs:resource consumes="application/json" name="_createOMList" path="/createOMList" produces="application/json">
    <prgs:operation consumes="application/json" idls="VHPWebBased/.services/web-create-om-listbl.pidl::com.progress.openedge.pdt.bpmbindings" name="web-create-om-listbl" produces="application/json" verb="POST"/>
  </prgs:resource>
  <prgs:resource consumes="application/json" name="_getOOO" path="/getOOO" produces="application/json">
    <prgs:operation consumes="application/json" idls="VHPWebBased/.services/web-hk-ooobl.pidl::com.progress.openedge.pdt.bpmbindings" name="web-hk-ooobl" produces="application/json" verb="POST"/>
  </prgs:resource>
  <prgs:resource consumes="application/json" name="_deactivateOOO21" path="/deactivateOOO21" produces="application/json">
    <prgs:operation consumes="application/json" idls="VHPWebBased/.services/web-deactivate-ooo2_1bl.pidl::com.progress.openedge.pdt.bpmbindings" name="web-deactivate-ooo2_1bl" produces="application/json" verb="POST"/>
  </prgs:resource>
  <prgs:resource consumes="application/json" name="_hkRoomboySendToMobile" path="/hkRmboySendToMobile" produces="application/json">
    <prgs:operation consumes="application/json" idls="VHPWebBased/.services/web-hk-rmboy-send-to-mobilebl.pidl::com.progress.openedge.pdt.bpmbindings" name="web-hk-rmboy-send-to-mobilebl" produces="application/json" verb="POST"/>
  </prgs:resource>
  <prgs:resource consumes="application/json" name="_getVipList1" path="/getVipList1" produces="application/json">
    <prgs:operation consumes="application/json" idls="VHPWebBased/.services/web-vip-list-disp-arlist-webbl.pidl::com.progress.openedge.pdt.bpmbindings" name="web-vip-list-disp-arlist-webbl" produces="application/json" verb="POST"/>
  </prgs:resource>
  <prgs:resource consumes="application/json" name="_getOOORemoveSelectedData" path="/getOOORemoveSelectedData" produces="application/json">
    <prgs:operation consumes="application/json" idls="VHPWebBased/.services/web-hk-ooo-remove-selected-data-webbl.pidl::com.progress.openedge.pdt.bpmbindings" name="web-hk-ooo-remove-selected-data-webbl" produces="application/json" verb="POST"/>
  </prgs:resource>
  <prgs:resource consumes="application/json" name="_getTaskReportList1" path="/getTaskReportList1" produces="application/json">
    <prgs:operation consumes="application/json" idls="VHPWebBased/.services/web-flag-report-create-list_1bl.pidl::com.progress.openedge.pdt.bpmbindings" name="web-flag-report-create-list_1bl" produces="application/json" verb="POST"/>
  </prgs:resource>
</prgs:model>
