<?xml version="1.0" encoding="UTF-8"?>
<prgs:model xmlns:prgs="http://www.progress.com/caf/camel/component/prgrs" id="resourceModel">
  <prgs:resource consumes="application/json" name="_getSupplierList" path="/getSupplierList" produces="application/json">
    <prgs:operation consumes="application/json" idls="VHPWebBased/.services/web-prepare-supply-listbl.pidl::com.progress.openedge.pdt.bpmbindings" name="web-prepare-supply-listbl" produces="application/json" verb="POST"/>
  </prgs:resource>
  <prgs:resource consumes="application/json" name="_getPurchaseOrderList" path="/getPreparePurchaseOrderList" produces="application/json">
    <prgs:operation consumes="application/json" idls="VHPWebBased/.services/web-prepare-po-listbl.pidl::com.progress.openedge.pdt.bpmbindings" name="web-prepare-po-listbl" produces="application/json" verb="POST"/>
  </prgs:resource>
  <prgs:resource consumes="application/json" name="_getPurchaseOrderList_1" path="/getPurchaseOrderList" produces="application/json">
    <prgs:operation consumes="application/json" idls="VHPWebBased/.services/web-get-po-listbl.pidl::com.progress.openedge.pdt.bpmbindings" name="web-get-po-listbl" produces="application/json" verb="POST"/>
  </prgs:resource>
  <prgs:resource consumes="application/json" name="_addSupplier" path="/addSupplier" produces="application/json">
    <prgs:operation consumes="application/json" idls="VHPWebBased/.services/web-mk-supply-btn-gobl_1.pidl::com.progress.openedge.pdt.bpmbindings" name="web-mk-supply-btn-gobl_1" produces="application/json" verb="POST"/>
  </prgs:resource>
  <prgs:resource consumes="application/json" name="_chgSupplier" path="/chgSupplier" produces="application/json">
    <prgs:operation consumes="application/json" idls="VHPWebBased/.services/web-chg-supply-btn-go1bl.pidl::com.progress.openedge.pdt.bpmbindings" name="web-chg-supply-btn-go1bl" produces="application/json" verb="POST"/>
  </prgs:resource>
  <prgs:resource consumes="application/json" name="_delSupplier" path="/delSupplier" produces="application/json">
    <prgs:operation consumes="application/json" idls="VHPWebBased/.services/web-del-supplier_1.pidl::com.progress.openedge.pdt.bpmbindings" name="web-del-supplier_1" produces="application/json" verb="POST"/>
  </prgs:resource>
  <prgs:resource consumes="application/json" name="_getPrepareChgSupply" path="/getPrepareChgSupply" produces="application/json">
    <prgs:operation consumes="application/json" idls="VHPWebBased/.services/web-prepare-chg-supplybl.pidl::com.progress.openedge.pdt.bpmbindings" name="web-prepare-chg-supplybl" produces="application/json" verb="POST"/>
  </prgs:resource>
  <prgs:resource consumes="application/json" name="_getPrepareSupplyUmsatz" path="/getPrepareSupplyUmsatz" produces="application/json">
    <prgs:operation consumes="application/json" idls="VHPWebBased/.services/web-prepare-supply-umsatzbl.pidl::com.progress.openedge.pdt.bpmbindings" name="web-prepare-supply-umsatzbl" produces="application/json" verb="POST"/>
  </prgs:resource>
  <prgs:resource consumes="application/json" name="_chgApPayment" path="/chgApPaymentList" produces="application/json">
    <prgs:operation consumes="application/json" idls="VHPWebBased/.services/web-ap-paylist-chgremarksbl.pidl::com.progress.openedge.pdt.bpmbindings" name="web-ap-paylist-chgremarksbl" produces="application/json" verb="POST"/>
  </prgs:resource>
  <prgs:resource consumes="application/json" name="_getApPaymentList" path="/getApPaymentList" produces="application/json">
    <prgs:operation consumes="application/json" idls="VHPWebBased/.services/web-ap-paymentlistbl.pidl::com.progress.openedge.pdt.bpmbindings" name="web-ap-paymentlistbl" produces="application/json" verb="POST"/>
  </prgs:resource>
  <prgs:resource consumes="application/json" name="_prepareApPaymentList" path="/prepareApPaymentList" produces="application/json">
    <prgs:operation consumes="application/json" idls="VHPWebBased/.services/web-prepare-ap-paylistbl.pidl::com.progress.openedge.pdt.bpmbindings" name="web-prepare-ap-paylistbl" produces="application/json" verb="POST"/>
  </prgs:resource>
  <prgs:resource consumes="application/json" name="_prepareApJournalList" path="/prepareApJournalList" produces="application/json">
    <prgs:operation consumes="application/json" idls="VHPWebBased/.services/web-prepare-ap-journ1bl.pidl::com.progress.openedge.pdt.bpmbindings" name="web-prepare-ap-journ1bl" produces="application/json" verb="POST"/>
  </prgs:resource>
  <prgs:resource consumes="application/json" name="_getApJournalList" path="/getApJournalList" produces="application/json">
    <prgs:operation consumes="application/json" idls="VHPWebBased/.services/web-ap-journ1-btn-gobl.pidl::com.progress.openedge.pdt.bpmbindings" name="web-ap-journ1-btn-gobl" produces="application/json" verb="POST"/>
  </prgs:resource>
  <prgs:resource consumes="application/json" name="_getApDebtListRetSegment" path="/getApDebtListRetSegment" produces="application/json">
    <prgs:operation consumes="application/json" idls="VHPWebBased/.services/web-ap-debtlist-return-segmbl.pidl::com.progress.openedge.pdt.bpmbindings" name="web-ap-debtlist-return-segmbl" produces="application/json" verb="POST"/>
  </prgs:resource>
  <prgs:resource consumes="application/json" name="_prepareApDebtList" path="/prepareApDebtList" produces="application/json">
    <prgs:operation consumes="application/json" idls="VHPWebBased/.services/web-prepare-ap-debtlistbl.pidl::com.progress.openedge.pdt.bpmbindings" name="web-prepare-ap-debtlistbl" produces="application/json" verb="POST"/>
  </prgs:resource>
  <prgs:resource consumes="application/json" name="_prepareSupplyInlist" path="/prepareSupplyInlist" produces="application/json">
    <prgs:operation consumes="application/json" idls="VHPWebBased/.services/web-prepare-supply-inlistbl.pidl::com.progress.openedge.pdt.bpmbindings" name="web-prepare-supply-inlistbl" produces="application/json" verb="POST"/>
  </prgs:resource>
  <prgs:resource consumes="application/json" name="_prepareDispAPPayment" path="/prepareDispAPPayment" produces="application/json">
    <prgs:operation consumes="application/json" idls="VHPWebBased/.services/web-prepare-view-apitembl.pidl::com.progress.openedge.pdt.bpmbindings" name="web-prepare-view-apitembl" produces="application/json" verb="POST"/>
  </prgs:resource>
  <prgs:resource consumes="application/json" name="_readParameter" path="/readParameter" produces="application/json">
    <prgs:operation consumes="application/json" idls="VHPWebBased/.services/web-read-parametersbl.pidl::com.progress.openedge.pdt.bpmbindings" name="web-read-parametersbl" produces="application/json" verb="POST"/>
  </prgs:resource>
  <prgs:resource consumes="application/json" name="_viewPODetail" path="/viewPODetail" produces="application/json">
    <prgs:operation consumes="application/json" idls="VHPWebBased/.services/web-prepare-view-sitemsbl.pidl::com.progress.openedge.pdt.bpmbindings" name="web-prepare-view-sitemsbl" produces="application/json" verb="POST"/>
  </prgs:resource>
  <prgs:resource consumes="application/json" name="_viewPOStockReturn" path="/viewPOStockReturn" produces="application/json">
    <prgs:operation consumes="application/json" idls="VHPWebBased/.services/web-prepare-po-retourbl.pidl::com.progress.openedge.pdt.bpmbindings" name="web-prepare-po-retourbl" produces="application/json" verb="POST"/>
  </prgs:resource>
  <prgs:resource consumes="application/json" name="_prepareAPList" path="/prepareAPList" produces="application/json">
    <prgs:operation consumes="application/json" idls="VHPWebBased/.services/web-prepare-ap-listbl.pidl::com.progress.openedge.pdt.bpmbindings" name="web-prepare-ap-listbl" produces="application/json" verb="POST"/>
  </prgs:resource>
  <prgs:resource consumes="application/json" name="_getAPListTrigger" path="/getAPListTrigger" produces="application/json">
    <prgs:operation consumes="application/json" idls="VHPWebBased/.services/web-ap-list-trigbl.pidl::com.progress.openedge.pdt.bpmbindings" name="web-ap-list-trigbl" produces="application/json" verb="POST"/>
  </prgs:resource>
  <prgs:resource consumes="application/json" name="_getAPListLoadSegment" path="/getAPListLoadSegment" produces="application/json">
    <prgs:operation consumes="application/json" idls="VHPWebBased/.services/web-load-l-segmentbl.pidl::com.progress.openedge.pdt.bpmbindings" name="web-load-l-segmentbl" produces="application/json" verb="POST"/>
  </prgs:resource>
  <prgs:resource consumes="application/json" name="_getAPListList" path="/getAPList" produces="application/json">
    <prgs:operation consumes="application/json" idls="VHPWebBased/.services/web-ap-listbl.pidl::com.progress.openedge.pdt.bpmbindings" name="web-ap-listbl" produces="application/json" verb="POST"/>
  </prgs:resource>
  <prgs:resource consumes="application/json" name="_chgAPListBtnOK" path="/chgAPListBtnOK" produces="application/json">
    <prgs:operation consumes="application/json" idls="VHPWebBased/.services/web-ap-edit-btn-ok_1bl.pidl::com.progress.openedge.pdt.bpmbindings" name="web-ap-edit-btn-ok_1bl" produces="application/json" verb="POST"/>
  </prgs:resource>
  <prgs:resource consumes="application/json" name="_chgAPListReturnFirm" path="/chgAPListReturnFirm" produces="application/json">
    <prgs:operation consumes="application/json" idls="VHPWebBased/.services/web-ap-edit-return-firmabl.pidl::com.progress.openedge.pdt.bpmbindings" name="web-ap-edit-return-firmabl" produces="application/json" verb="POST"/>
  </prgs:resource>
  <prgs:resource consumes="application/json" name="_delAPList" path="/delAPList" produces="application/json">
    <prgs:operation consumes="application/json" idls="VHPWebBased/.services/web-ap-list-btn-delbl.pidl::com.progress.openedge.pdt.bpmbindings" name="web-ap-list-btn-delbl" produces="application/json" verb="POST"/>
  </prgs:resource>
  <prgs:resource consumes="application/json" name="_selectSupplier" path="/selectSupplier" produces="application/json">
    <prgs:operation consumes="application/json" idls="VHPWebBased/.services/web-read-l-lieferant1bl.pidl::com.progress.openedge.pdt.bpmbindings" name="web-read-l-lieferant1bl" produces="application/json" verb="POST"/>
  </prgs:resource>
  <prgs:resource consumes="application/json" name="_getAPListViewItemList" path="/getAPListViewItemList" produces="application/json">
    <prgs:operation consumes="application/json" idls="VHPWebBased/.services/web-prepare-delv-stockbl.pidl::com.progress.openedge.pdt.bpmbindings" name="web-prepare-delv-stockbl" produces="application/json" verb="POST"/>
  </prgs:resource>
  <prgs:resource consumes="application/json" name="_getAPListAddItemList" path="/getAPListAddItemList" produces="application/json">
    <prgs:operation consumes="application/json" idls="VHPWebBased/.services/web-delv-stock-create-listbl.pidl::com.progress.openedge.pdt.bpmbindings" name="web-delv-stock-create-listbl" produces="application/json" verb="POST"/>
  </prgs:resource>
  <prgs:resource consumes="application/json" name="_cancelAPPaymentQuery" path="/cancelAPPaymentQuery" produces="application/json">
    <prgs:operation consumes="application/json" idls="VHPWebBased/.services/web-ap-cancelpayment-querybl.pidl::com.progress.openedge.pdt.bpmbindings" name="web-ap-cancelpayment-querybl" produces="application/json" verb="POST"/>
  </prgs:resource>
  <prgs:resource consumes="application/json" name="_cancelAPPaymentLoadData" path="/cancelAPPaymentLoadData" produces="application/json">
    <prgs:operation consumes="application/json" idls="VHPWebBased/.services/web-release-ap-btn-ok1bl.pidl::com.progress.openedge.pdt.bpmbindings" name="web-release-ap-btn-ok1bl" produces="application/json" verb="POST"/>
  </prgs:resource>
  <prgs:resource consumes="application/json" name="_cancelAPPaymentSelectRecord" path="/cancelAPPaymentSelectRecord" produces="application/json">
    <prgs:operation consumes="application/json" idls="VHPWebBased/.services/web-release-ap-def-actionbl.pidl::com.progress.openedge.pdt.bpmbindings" name="web-release-ap-def-actionbl" produces="application/json" verb="POST"/>
  </prgs:resource>
  <prgs:resource consumes="application/json" name="_prepareEditAP" path="/prepareEditAP" produces="application/json">
    <prgs:operation consumes="application/json" idls="VHPWebBased/.services/web-prepare-ap-editbl.pidl::com.progress.openedge.pdt.bpmbindings" name="web-prepare-ap-editbl" produces="application/json" verb="POST"/>
  </prgs:resource>
  <prgs:resource consumes="application/json" name="_transferGLPrepare" path="/transferGLPrepare" produces="application/json">
    <prgs:operation consumes="application/json" idls="VHPWebBased/.services/web-prepare-gl-linkapbl.pidl::com.progress.openedge.pdt.bpmbindings" name="web-prepare-gl-linkapbl" produces="application/json" verb="POST"/>
  </prgs:resource>
  <prgs:resource consumes="application/json" name="_transferGLAdd" path="/transferGLAdd" produces="application/json">
    <prgs:operation consumes="application/json" idls="VHPWebBased/.services/web-gl-linkap1bl.pidl::com.progress.openedge.pdt.bpmbindings" name="web-gl-linkap1bl" produces="application/json" verb="POST"/>
  </prgs:resource>
  <prgs:resource consumes="application/json" name="_transferGLSave" path="/transferGLSave" produces="application/json">
    <prgs:operation consumes="application/json" idls="VHPWebBased/.services/web-gl-linkap2_1bl.pidl::com.progress.openedge.pdt.bpmbindings" name="web-gl-linkap2_1bl" produces="application/json" verb="POST"/>
  </prgs:resource>
  <prgs:resource consumes="application/json" name="_apAgingListPrepare" path="/apAgingListPrepare" produces="application/json">
    <prgs:operation consumes="application/json" idls="VHPWebBased/.services/web-prepare-ap-agebl.pidl::com.progress.openedge.pdt.bpmbindings" name="web-prepare-ap-agebl" produces="application/json" verb="POST"/>
  </prgs:resource>
  <prgs:resource consumes="application/json" name="_apAgingListReturnSegment" path="/apAgingListReturnSegment" produces="application/json">
    <prgs:operation consumes="application/json" idls="VHPWebBased/.services/web-ap-age-return-segmbl.pidl::com.progress.openedge.pdt.bpmbindings" name="web-ap-age-return-segmbl" produces="application/json" verb="POST"/>
  </prgs:resource>
  <prgs:resource consumes="application/json" name="_apAgingListExecuteQuery" path="/apAgingListExecuteQuery" produces="application/json">
    <prgs:operation consumes="application/json" idls="VHPWebBased/.services/web-ap-age-btn-gobl.pidl::com.progress.openedge.pdt.bpmbindings" name="web-ap-age-btn-gobl" produces="application/json" verb="POST"/>
  </prgs:resource>
  <prgs:resource consumes="application/json" name="_getApDebtList" path="/getApDebtList" produces="application/json">
    <prgs:operation consumes="application/json" idls="VHPWebBased/.services/web-ap-debtlistbl.pidl::com.progress.openedge.pdt.bpmbindings" name="web-ap-debtlistbl" produces="application/json" verb="POST"/>
  </prgs:resource>
  <prgs:resource consumes="application/json" name="_createManualAPBtnOK" path="/createManualAPBtnOK" produces="application/json">
    <prgs:operation consumes="application/json" idls="VHPWebBased/.services/web-create-manual-apbl.pidl::com.progress.openedge.pdt.bpmbindings" name="web-create-manual-apbl" produces="application/json" verb="POST"/>
  </prgs:resource>
  <prgs:resource consumes="application/json" name="_prepareCreateManualAP" path="/prepareCreateManualAP" produces="application/json">
    <prgs:operation consumes="application/json" idls="VHPWebBased/.services/web-prepare-mk-apbl.pidl::com.progress.openedge.pdt.bpmbindings" name="web-prepare-mk-apbl" produces="application/json" verb="POST"/>
  </prgs:resource>
  <prgs:resource consumes="application/json" name="_getAPList1" path="/getAPList1" produces="application/json">
    <prgs:operation consumes="application/json" idls="VHPWebBased/.services/web-ap-list_1bl.pidl::com.progress.openedge.pdt.bpmbindings" name="web-ap-list_1bl" produces="application/json" verb="POST"/>
  </prgs:resource>
  <prgs:resource consumes="application/json" name="_prepareAPPayment" path="/prepareAPPayment" produces="application/json">
    <prgs:operation consumes="application/json" idls="VHPWebBased/.services/web-prepare-ap-debtpaybl.pidl::com.progress.openedge.pdt.bpmbindings" name="web-prepare-ap-debtpaybl" produces="application/json" verb="POST"/>
  </prgs:resource>
  <prgs:resource consumes="application/json" name="_apPaymentGetAPList" path="/apPaymentGetAPList" produces="application/json">
    <prgs:operation consumes="application/json" idls="VHPWebBased/.services/web-ap-debtpay-btn-go1bl.pidl::com.progress.openedge.pdt.bpmbindings" name="web-ap-debtpay-btn-go1bl" produces="application/json" verb="POST"/>
  </prgs:resource>
  <prgs:resource consumes="application/json" name="_apPaymentPrepareSettle" path="/apPaymentPrepareSettle" produces="application/json">
    <prgs:operation consumes="application/json" idls="VHPWebBased/.services/web-prepare-ap-web-settle-paymenbl.pidl::com.progress.openedge.pdt.bpmbindings" name="web-prepare-ap-web-settle-paymenbl" produces="application/json" verb="POST"/>
  </prgs:resource>
  <prgs:resource consumes="application/json" name="_apPaymentSettlePay" path="/apPaymentSettlePay" produces="application/json">
    <prgs:operation consumes="application/json" idls="VHPWebBased/.services/web-ap-web-settle-paymentbl.pidl::com.progress.openedge.pdt.bpmbindings" name="web-ap-web-settle-paymentbl" produces="application/json" verb="POST"/>
  </prgs:resource>
  <prgs:resource consumes="application/json" name="_paymentVoucherAttach" path="/paymentVoucherAttach" produces="application/json">
    <prgs:operation consumes="application/json" idls="VHPWebBased/.services/web-ap-debtpay-get-voucherbl.pidl::com.progress.openedge.pdt.bpmbindings" name="web-ap-debtpay-get-voucherbl" produces="application/json" verb="POST"/>
  </prgs:resource>
  <prgs:resource consumes="application/json" name="_paymentVoucherRemove" path="/paymentVoucherRemove" produces="application/json">
    <prgs:operation consumes="application/json" idls="VHPWebBased/.services/web-ap-debtpay-remove-voucherbl.pidl::com.progress.openedge.pdt.bpmbindings" name="web-ap-debtpay-remove-voucherbl" produces="application/json" verb="POST"/>
  </prgs:resource>
  <prgs:resource consumes="application/json" name="_apReadApproval" path="/apReadApproval" produces="application/json">
    <prgs:operation consumes="application/json" idls="VHPWebBased/.services/web-ap-read-approvalbl.pidl::com.progress.openedge.pdt.bpmbindings" name="web-ap-read-approvalbl" produces="application/json" verb="POST"/>
  </prgs:resource>
  <prgs:resource consumes="application/json" name="_viewPODetail1" path="/viewPODetail1" produces="application/json">
    <prgs:operation consumes="application/json" idls="VHPWebBased/.services/web-prepare-view-sitem1bl.pidl::com.progress.openedge.pdt.bpmbindings" name="web-prepare-view-sitem1bl" produces="application/json" verb="POST"/>
  </prgs:resource>
  <prgs:resource consumes="application/json" name="_getPurchaseOrderListBtnPrint" path="/getPurchaseOrderListBtnPrint" produces="application/json">
    <prgs:operation consumes="application/json" idls="VHPWebBased/.services/web-po-list-btn-print-webbl.pidl::com.progress.openedge.pdt.bpmbindings" name="web-po-list-btn-print-webbl" produces="application/json" verb="POST"/>
  </prgs:resource>
  <prgs:resource consumes="application/json" name="_getAgingList" path="/getAgingList" produces="application/json">
    <prgs:operation consumes="application/json" idls="VHPWebBased/.services/web-ap-age1bl.pidl::com.progress.openedge.pdt.bpmbindings" name="web-ap-age1bl" produces="application/json" verb="POST"/>
  </prgs:resource>
  <prgs:resource consumes="application/json" name="_getAgingList2" path="/getAgingList2" produces="application/json">
    <prgs:operation consumes="application/json" idls="VHPWebBased/.services/web-ap-age1_2bl.pidl::com.progress.openedge.pdt.bpmbindings" name="web-ap-age1_2bl" produces="application/json" verb="POST"/>
  </prgs:resource>
  <prgs:resource consumes="application/json" name="_getAgingList3" path="/getAgingList3" produces="application/json">
    <prgs:operation consumes="application/json" idls="VHPWebBased/.services/web-ap-age1-webbl.pidl::com.progress.openedge.pdt.bpmbindings" name="web-ap-age1-webbl" produces="application/json" verb="POST"/>
  </prgs:resource>
  <prgs:resource consumes="application/json" name="_apPaymentReason" path="/apPaymentReason" produces="application/json">
    <prgs:operation consumes="application/json" idls="VHPWebBased/.services/web-ap-debtpay-reasonbl.pidl::com.progress.openedge.pdt.bpmbindings" name="web-ap-debtpay-reasonbl" produces="application/json" verb="POST"/>
  </prgs:resource>
</prgs:model>
