<?xml version="1.0" encoding="UTF-8"?>
<prgs:model xmlns:prgs="http://www.progress.com/caf/camel/component/prgrs" id="resourceModel">
  <prgs:resource consumes="application/json" name="_foTODept" path="/foTODeptPrepare" produces="application/json">
    <prgs:operation consumes="application/json" idls="VHPWebBased/.services/web-prepare-foumsz-listbl.pidl::com.progress.openedge.pdt.bpmbindings" name="web-prepare-foumsz-listbl" produces="application/json" verb="POST"/>
  </prgs:resource>
  <prgs:resource consumes="application/json" name="_foTODeptList" path="/foTODeptList" produces="application/json">
    <prgs:operation consumes="application/json" idls="VHPWebBased/.services/web-foumsz-create-listbl.pidl::com.progress.openedge.pdt.bpmbindings" name="web-foumsz-create-listbl" produces="application/json" verb="POST"/>
  </prgs:resource>
  <prgs:resource consumes="application/json" name="_sumCashierList" path="/sumCashierList" produces="application/json">
    <prgs:operation consumes="application/json" idls="VHPWebBased/.services/web-sum-cashier-listbl.pidl::com.progress.openedge.pdt.bpmbindings" name="web-sum-cashier-listbl" produces="application/json" verb="POST"/>
  </prgs:resource>
  <prgs:resource consumes="application/json" name="_gacctBalancePrepare" path="/gacctBalancePrepare" produces="application/json">
    <prgs:operation consumes="application/json" idls="VHPWebBased/.services/web-prepare-gacct-balancebl.pidl::com.progress.openedge.pdt.bpmbindings" name="web-prepare-gacct-balancebl" produces="application/json" verb="POST"/>
  </prgs:resource>
  <prgs:resource consumes="application/json" name="_gacctBalanceList" path="/gacctBalanceList" produces="application/json">
    <prgs:operation consumes="application/json" idls="VHPWebBased/.services/web-gacct-balance-btn-go-listbl.pidl::com.progress.openedge.pdt.bpmbindings" name="web-gacct-balance-btn-go-listbl" produces="application/json" verb="POST"/>
  </prgs:resource>
  <prgs:resource consumes="application/json" name="_gacctBalanceView" path="/gacctBalanceView" produces="application/json">
    <prgs:operation consumes="application/json" idls="VHPWebBased/.services/web-gacct-balance-mi-viewbl.pidl::com.progress.openedge.pdt.bpmbindings" name="web-gacct-balance-mi-viewbl" produces="application/json" verb="POST"/>
  </prgs:resource>
  <prgs:resource consumes="application/json" name="_checkGledgerCurrdate" path="/checkGledgerCurrdate" produces="application/json">
    <prgs:operation consumes="application/json" idls="VHPWebBased/.services/web-check-gledger-currdatebl.pidl::com.progress.openedge.pdt.bpmbindings" name="web-check-gledger-currdatebl" produces="application/json" verb="POST"/>
  </prgs:resource>
  <prgs:resource consumes="application/json" name="_checkGledgerBtnShow1" path="/checkGledgerBtnShow1" produces="application/json">
    <prgs:operation consumes="application/json" idls="VHPWebBased/.services/web-check-gledger-btn-show1bl.pidl::com.progress.openedge.pdt.bpmbindings" name="web-check-gledger-btn-show1bl" produces="application/json" verb="POST"/>
  </prgs:resource>
  <prgs:resource consumes="application/json" name="_checkGledgerShowLodging" path="/checkGledgerShowLodging" produces="application/json">
    <prgs:operation consumes="application/json" idls="VHPWebBased/.services/web-check-gledger-show-lodgingbl.pidl::com.progress.openedge.pdt.bpmbindings" name="web-check-gledger-show-lodgingbl" produces="application/json" verb="POST"/>
  </prgs:resource>
  <prgs:resource consumes="application/json" name="_correctStatisticBtnOk" path="/correctStatisticBtnOk" produces="application/json">
    <prgs:operation consumes="application/json" idls="VHPWebBased/.services/web-correct-statistic-btn-okbl.pidl::com.progress.openedge.pdt.bpmbindings" name="web-correct-statistic-btn-okbl" produces="application/json" verb="POST"/>
  </prgs:resource>
  <prgs:resource consumes="application/json" name="_correctStatisticBtnUpdate" path="/correctStatisticBtnUpdate" produces="application/json">
    <prgs:operation consumes="application/json" idls="VHPWebBased/.services/web-correct-statistic-btn-updatebl.pidl::com.progress.openedge.pdt.bpmbindings" name="web-correct-statistic-btn-updatebl" produces="application/json" verb="POST"/>
  </prgs:resource>
  <prgs:resource consumes="application/json" name="_correctStatisticBtnDisp" path="/correctStatisticBtnDisp" produces="application/json">
    <prgs:operation consumes="application/json" idls="VHPWebBased/.services/web-correct-statistic-btn-dispbl.pidl::com.progress.openedge.pdt.bpmbindings" name="web-correct-statistic-btn-dispbl" produces="application/json" verb="POST"/>
  </prgs:resource>
  <prgs:resource consumes="application/json" name="_correctStatisticCheckGenstat" path="/correctStatisticCheckGenstat" produces="application/json">
    <prgs:operation consumes="application/json" idls="VHPWebBased/.services/web-correct-statistic-check-genstatbl.pidl::com.progress.openedge.pdt.bpmbindings" name="web-correct-statistic-check-genstatbl" produces="application/json" verb="POST"/>
  </prgs:resource>
  <prgs:resource consumes="application/json" name="_correctStatisticDispNation" path="/correctStatisticDispNation" produces="application/json">
    <prgs:operation consumes="application/json" idls="VHPWebBased/.services/web-correct-statistic-disp-nationbl.pidl::com.progress.openedge.pdt.bpmbindings" name="web-correct-statistic-disp-nationbl" produces="application/json" verb="POST"/>
  </prgs:resource>
  <prgs:resource consumes="application/json" name="_correctStatisticDispSegment" path="/correctStatisticDispSegment" produces="application/json">
    <prgs:operation consumes="application/json" idls="VHPWebBased/.services/web-correct-statistic-disp-segmentbl.pidl::com.progress.openedge.pdt.bpmbindings" name="web-correct-statistic-disp-segmentbl" produces="application/json" verb="POST"/>
  </prgs:resource>
  <prgs:resource consumes="application/json" name="_correctStatisticDispSource" path="/correctStatisticDispSource" produces="application/json">
    <prgs:operation consumes="application/json" idls="VHPWebBased/.services/web-correct-statistic-disp-sourcebl.pidl::com.progress.openedge.pdt.bpmbindings" name="web-correct-statistic-disp-sourcebl" produces="application/json" verb="POST"/>
  </prgs:resource>
  <prgs:resource consumes="application/json" name="_correctStatisticNat" path="/correctStatisticNat" produces="application/json">
    <prgs:operation consumes="application/json" idls="VHPWebBased/.services/web-correct-statistic-natbl.pidl::com.progress.openedge.pdt.bpmbindings" name="web-correct-statistic-natbl" produces="application/json" verb="POST"/>
  </prgs:resource>
  <prgs:resource consumes="application/json" name="_correctStatisticRsvname" path="/correctStatisticRsvname" produces="application/json">
    <prgs:operation consumes="application/json" idls="VHPWebBased/.services/web-correct-statistic-rsvnamebl.pidl::com.progress.openedge.pdt.bpmbindings" name="web-correct-statistic-rsvnamebl" produces="application/json" verb="POST"/>
  </prgs:resource>
</prgs:model>
