<?xml version="1.0" encoding="UTF-8"?>
<prgs:model xmlns:prgs="http://www.progress.com/caf/camel/component/prgrs" id="resourceModel">
  <prgs:resource consumes="application/json" name="_egReqlistPrepare" path="/egReqlistPrepare" produces="application/json">
    <prgs:operation consumes="application/json" idls="VHPWebBased/.services/web-prepare-eg-reglist1bl.pidl::com.progress.openedge.pdt.bpmbindings" name="web-prepare-eg-reglist1bl" produces="application/json" verb="POST"/>
  </prgs:resource>
  <prgs:resource consumes="application/json" name="_egSelMainAll" path="/egSelMainAll" produces="application/json">
    <prgs:operation consumes="application/json" idls="VHPWebBased/.services/web-prepare-sel-egmainall-webbl.pidl::com.progress.openedge.pdt.bpmbindings" name="web-prepare-sel-egmainall-webbl" produces="application/json" verb="POST"/>
  </prgs:resource>
  <prgs:resource consumes="application/json" name="_egSelLocation" path="/egSelLocation" produces="application/json">
    <prgs:operation consumes="application/json" idls="VHPWebBased/.services/web-prepare-sel-locationbl.pidl::com.progress.openedge.pdt.bpmbindings" name="web-prepare-sel-locationbl" produces="application/json" verb="POST"/>
  </prgs:resource>
  <prgs:resource consumes="application/json" name="_egReqlistLoad" path="/egReqlistLoad" produces="application/json">
    <prgs:operation consumes="application/json" idls="VHPWebBased/.services/web-eg-reglist1-btn-go-webbl.pidl::com.progress.openedge.pdt.bpmbindings" name="web-eg-reglist1-btn-go-webbl" produces="application/json" verb="POST"/>
  </prgs:resource>
  <prgs:resource consumes="application/json" name="_egMkreqPrepare" path="/egSelSource" produces="application/json">
    <prgs:operation consumes="application/json" idls="VHPWebBased/.services/web-prepare-sel-egsourcebl.pidl::com.progress.openedge.pdt.bpmbindings" name="web-prepare-sel-egsourcebl" produces="application/json" verb="POST"/>
  </prgs:resource>
  <prgs:resource consumes="application/json" name="_egMkreqGetGuestname" path="/egMkreqGetGuestname" produces="application/json">
    <prgs:operation consumes="application/json" idls="VHPWebBased/.services/web-eg-mkreq-get-guestnamebl.pidl::com.progress.openedge.pdt.bpmbindings" name="web-eg-mkreq-get-guestnamebl" produces="application/json" verb="POST"/>
  </prgs:resource>
  <prgs:resource consumes="application/json" name="_egSelItemLoc" path="/egSelItemLoc" produces="application/json">
    <prgs:operation consumes="application/json" idls="VHPWebBased/.services/web-sel-itemloc-create-categobjectbl.pidl::com.progress.openedge.pdt.bpmbindings" name="web-sel-itemloc-create-categobjectbl" produces="application/json" verb="POST"/>
  </prgs:resource>
  <prgs:resource consumes="application/json" name="_egSelTask" path="/egSelTask" produces="application/json">
    <prgs:operation consumes="application/json" idls="VHPWebBased/.services/web-prepare-sel-egsub-webbl.pidl::com.progress.openedge.pdt.bpmbindings" name="web-prepare-sel-egsub-webbl" produces="application/json" verb="POST"/>
  </prgs:resource>
  <prgs:resource consumes="application/json" name="_egSelPIC" path="/egSelPIC" produces="application/json">
    <prgs:operation consumes="application/json" idls="VHPWebBased/.services/web-prepare-sel-userdeptbl.pidl::com.progress.openedge.pdt.bpmbindings" name="web-prepare-sel-userdeptbl" produces="application/json" verb="POST"/>
  </prgs:resource>
  <prgs:resource consumes="application/json" name="_egMkreqSave" path="/egMkreqSave" produces="application/json">
    <prgs:operation consumes="application/json" idls="VHPWebBased/.services/web-eg-mkreq-btn-go-webbl.pidl::com.progress.openedge.pdt.bpmbindings" name="web-eg-mkreq-btn-go-webbl" produces="application/json" verb="POST"/>
  </prgs:resource>
  <prgs:resource consumes="application/json" name="_egMkreqPrepare_1" path="/egMkreqPrepare" produces="application/json">
    <prgs:operation consumes="application/json" idls="VHPWebBased/.services/web-prepare-eg-mkreq-webbl.pidl::com.progress.openedge.pdt.bpmbindings" name="web-prepare-eg-mkreq-webbl" produces="application/json" verb="POST"/>
  </prgs:resource>
  <prgs:resource consumes="application/json" name="_egPropertyListPrepare" path="/egPropertyListPrepare" produces="application/json">
    <prgs:operation consumes="application/json" idls="VHPWebBased/.services/web-prepare-eg-propertylist-webbl.pidl::com.progress.openedge.pdt.bpmbindings" name="web-prepare-eg-propertylist-webbl" produces="application/json" verb="POST"/>
  </prgs:resource>
  <prgs:resource consumes="application/json" name="_egPropertyListBtnGo" path="/egPropertyListBtnGo" produces="application/json">
    <prgs:operation consumes="application/json" idls="VHPWebBased/.services/web-eg-propertylist-btn-go-webbl.pidl::com.progress.openedge.pdt.bpmbindings" name="web-eg-propertylist-btn-go-webbl" produces="application/json" verb="POST"/>
  </prgs:resource>
  <prgs:resource consumes="application/json" name="_egPropertyListQuery" path="/egPropertyListQuery" produces="application/json">
    <prgs:operation consumes="application/json" idls="VHPWebBased/.services/web-eg-propertylist-select-querybl.pidl::com.progress.openedge.pdt.bpmbindings" name="web-eg-propertylist-select-querybl" produces="application/json" verb="POST"/>
  </prgs:resource>
  <prgs:resource consumes="application/json" name="_egReqlistBtnCancel" path="/egReqlistBtnCancel" produces="application/json">
    <prgs:operation consumes="application/json" idls="VHPWebBased/.services/web-eg-reglist1-btn-cancelbl.pidl::com.progress.openedge.pdt.bpmbindings" name="web-eg-reglist1-btn-cancelbl" produces="application/json" verb="POST"/>
  </prgs:resource>
  <prgs:resource consumes="application/json" name="_egChgReqBtnGo" path="/egChgReqBtnGo" produces="application/json">
    <prgs:operation consumes="application/json" idls="VHPWebBased/.services/web-eg-chgreq-btn-go-webbl.pidl::com.progress.openedge.pdt.bpmbindings" name="web-eg-chgreq-btn-go-webbl" produces="application/json" verb="POST"/>
  </prgs:resource>
  <prgs:resource consumes="application/json" name="_egChgReqPrepare" path="/egChgReqPrepare" produces="application/json">
    <prgs:operation consumes="application/json" idls="VHPWebBased/.services/web-prepare-eg-chgreq-webbl.pidl::com.progress.openedge.pdt.bpmbindings" name="web-prepare-eg-chgreq-webbl" produces="application/json" verb="POST"/>
  </prgs:resource>
  <prgs:resource consumes="application/json" name="_egCategoryPrepare" path="/egCategoryPrepare" produces="application/json">
    <prgs:operation consumes="application/json" idls="VHPWebBased/.services/web-prepare-egcategorybl.pidl::com.progress.openedge.pdt.bpmbindings" name="web-prepare-egcategorybl" produces="application/json" verb="POST"/>
  </prgs:resource>
  <prgs:resource consumes="application/json" name="_egResourcePrepare" path="/egResourcePrepare" produces="application/json">
    <prgs:operation consumes="application/json" idls="VHPWebBased/.services/web-prepare-eg-resourcesbl.pidl::com.progress.openedge.pdt.bpmbindings" name="web-prepare-eg-resourcesbl" produces="application/json" verb="POST"/>
  </prgs:resource>
  <prgs:resource consumes="application/json" name="_egResourceRenart" path="/egResourceBtnRenart" produces="application/json">
    <prgs:operation consumes="application/json" idls="VHPWebBased/.services/web-eg-resources-btn-renartbl.pidl::com.progress.openedge.pdt.bpmbindings" name="web-eg-resources-btn-renartbl" produces="application/json" verb="POST"/>
  </prgs:resource>
  <prgs:resource consumes="application/json" name="_egResourceBtnDelart" path="/egResourceBtnDelart" produces="application/json">
    <prgs:operation consumes="application/json" idls="VHPWebBased/.services/web-eg-resources-btn-delartbl.pidl::com.progress.openedge.pdt.bpmbindings" name="web-eg-resources-btn-delartbl" produces="application/json" verb="POST"/>
  </prgs:resource>
  <prgs:resource consumes="application/json" name="_egResourceBtnExit" path="/egResourceBtnExit" produces="application/json">
    <prgs:operation consumes="application/json" idls="VHPWebBased/.services/web-eg-resources-btn-exitbl.pidl::com.progress.openedge.pdt.bpmbindings" name="web-eg-resources-btn-exitbl" produces="application/json" verb="POST"/>
  </prgs:resource>
  <prgs:resource consumes="application/json" name="_egResourceChar" path="/egSourceChar" produces="application/json">
    <prgs:operation consumes="application/json" idls="VHPWebBased/.services/web-egsource-source-charbl.pidl::com.progress.openedge.pdt.bpmbindings" name="web-egsource-source-charbl" produces="application/json" verb="POST"/>
  </prgs:resource>
  <prgs:resource consumes="application/json" name="_egResourceNumber" path="/egSourceNumber" produces="application/json">
    <prgs:operation consumes="application/json" idls="VHPWebBased/.services/web-egsource-source-numberbl.pidl::com.progress.openedge.pdt.bpmbindings" name="web-egsource-source-numberbl" produces="application/json" verb="POST"/>
  </prgs:resource>
  <prgs:resource consumes="application/json" name="_egCategoryCatnum" path="/egCategoryCatnum" produces="application/json">
    <prgs:operation consumes="application/json" idls="VHPWebBased/.services/web-egcategory-catnumbl.pidl::com.progress.openedge.pdt.bpmbindings" name="web-egcategory-catnumbl" produces="application/json" verb="POST"/>
  </prgs:resource>
  <prgs:resource consumes="application/json" name="_egCategoryCatchar" path="/egCategoryCatchar" produces="application/json">
    <prgs:operation consumes="application/json" idls="VHPWebBased/.services/web-egcategory-catcharbl.pidl::com.progress.openedge.pdt.bpmbindings" name="web-egcategory-catcharbl" produces="application/json" verb="POST"/>
  </prgs:resource>
  <prgs:resource consumes="application/json" name="_egCategoryBtnDelart" path="/egCategoryBtnDelart" produces="application/json">
    <prgs:operation consumes="application/json" idls="VHPWebBased/.services/web-egcategory-btn-delartbl.pidl::com.progress.openedge.pdt.bpmbindings" name="web-egcategory-btn-delartbl" produces="application/json" verb="POST"/>
  </prgs:resource>
  <prgs:resource consumes="application/json" name="_egCategoryBtnRenart" path="/egCategoryBtnRenart" produces="application/json">
    <prgs:operation consumes="application/json" idls="VHPWebBased/.services/web-egcategory-btn-renartbl.pidl::com.progress.openedge.pdt.bpmbindings" name="web-egcategory-btn-renartbl" produces="application/json" verb="POST"/>
  </prgs:resource>
  <prgs:resource consumes="application/json" name="_egCategoryBtnExit" path="/egCategoryBtnExit" produces="application/json">
    <prgs:operation consumes="application/json" idls="VHPWebBased/.services/web-egcategory-btn-exitbl.pidl::com.progress.openedge.pdt.bpmbindings" name="web-egcategory-btn-exitbl" produces="application/json" verb="POST"/>
  </prgs:resource>
  <prgs:resource consumes="application/json" name="_egDurationPrepare" path="/egDurationPrepare" produces="application/json">
    <prgs:operation consumes="application/json" idls="VHPWebBased/.services/web-prepare-eg-durationbl.pidl::com.progress.openedge.pdt.bpmbindings" name="web-prepare-eg-durationbl" produces="application/json" verb="POST"/>
  </prgs:resource>
  <prgs:resource consumes="application/json" name="_egDurationBtnRenart" path="/egDurationBtnRenart" produces="application/json">
    <prgs:operation consumes="application/json" idls="VHPWebBased/.services/web-eg-duration-btn-renartbl.pidl::com.progress.openedge.pdt.bpmbindings" name="web-eg-duration-btn-renartbl" produces="application/json" verb="POST"/>
  </prgs:resource>
  <prgs:resource consumes="application/json" name="_egDurationBtnExit" path="/egDurationBtnExit" produces="application/json">
    <prgs:operation consumes="application/json" idls="VHPWebBased/.services/web-eg-duration-btn-exitbl.pidl::com.progress.openedge.pdt.bpmbindings" name="web-eg-duration-btn-exitbl" produces="application/json" verb="POST"/>
  </prgs:resource>
  <prgs:resource consumes="application/json" name="_egDurationBtnLeaveDurationNr" path="/egDurationBtnLeaveDurationNr" produces="application/json">
    <prgs:operation consumes="application/json" idls="VHPWebBased/.services/web-eg-duration-leave-duration-nrbl.pidl::com.progress.openedge.pdt.bpmbindings" name="web-eg-duration-leave-duration-nrbl" produces="application/json" verb="POST"/>
  </prgs:resource>
  <prgs:resource consumes="application/json" name="_egActionMaintask" path="/egActionMaintask" produces="application/json">
    <prgs:operation consumes="application/json" idls="VHPWebBased/.services/web-eg-action-maintaskbl.pidl::com.progress.openedge.pdt.bpmbindings" name="web-eg-action-maintaskbl" produces="application/json" verb="POST"/>
  </prgs:resource>
  <prgs:resource consumes="application/json" name="_egActionBtnRenart" path="/egActionBtnRenart" produces="application/json">
    <prgs:operation consumes="application/json" idls="VHPWebBased/.services/web-eg-action-btn-renartbl.pidl::com.progress.openedge.pdt.bpmbindings" name="web-eg-action-btn-renartbl" produces="application/json" verb="POST"/>
  </prgs:resource>
  <prgs:resource consumes="application/json" name="_egActionBtnDelart" path="/egActionBtnDelart" produces="application/json">
    <prgs:operation consumes="application/json" idls="VHPWebBased/.services/web-eg-action-btn-delartbl.pidl::com.progress.openedge.pdt.bpmbindings" name="web-eg-action-btn-delartbl" produces="application/json" verb="POST"/>
  </prgs:resource>
  <prgs:resource consumes="application/json" name="_egActionBtnExit" path="/egActionBtnExit" produces="application/json">
    <prgs:operation consumes="application/json" idls="VHPWebBased/.services/web-eg-action-btn-exitbl.pidl::com.progress.openedge.pdt.bpmbindings" name="web-eg-action-btn-exitbl" produces="application/json" verb="POST"/>
  </prgs:resource>
  <prgs:resource consumes="application/json" name="_egActionPrepare" path="/egActionPrepare" produces="application/json">
    <prgs:operation consumes="application/json" idls="VHPWebBased/.services/web-prepare-eg-actionbl.pidl::com.progress.openedge.pdt.bpmbindings" name="web-prepare-eg-actionbl" produces="application/json" verb="POST"/>
  </prgs:resource>
  <prgs:resource consumes="application/json" name="_egBuildingPrepare" path="/egBuildingPrepare" produces="application/json">
    <prgs:operation consumes="application/json" idls="VHPWebBased/.services/web-prepare-eg-buildingbl.pidl::com.progress.openedge.pdt.bpmbindings" name="web-prepare-eg-buildingbl" produces="application/json" verb="POST"/>
  </prgs:resource>
  <prgs:resource consumes="application/json" name="_egBuildingBuildNumber" path="/egBuildingBuildNumber" produces="application/json">
    <prgs:operation consumes="application/json" idls="VHPWebBased/.services/web-eg-building-build-numberbl.pidl::com.progress.openedge.pdt.bpmbindings" name="web-eg-building-build-numberbl" produces="application/json" verb="POST"/>
  </prgs:resource>
  <prgs:resource consumes="application/json" name="_egBuildingBuildChar" path="/egBuildingBuildChar" produces="application/json">
    <prgs:operation consumes="application/json" idls="VHPWebBased/.services/web-eg-building-build-charbl.pidl::com.progress.openedge.pdt.bpmbindings" name="web-eg-building-build-charbl" produces="application/json" verb="POST"/>
  </prgs:resource>
  <prgs:resource consumes="application/json" name="_egBuildingBtnDelart" path="/egBuildingBtnDelart" produces="application/json">
    <prgs:operation consumes="application/json" idls="VHPWebBased/.services/web-eg-building-btn-delartbl.pidl::com.progress.openedge.pdt.bpmbindings" name="web-eg-building-btn-delartbl" produces="application/json" verb="POST"/>
  </prgs:resource>
  <prgs:resource consumes="application/json" name="_egBuildingBtnRenart" path="/egBuildingBtnRenart" produces="application/json">
    <prgs:operation consumes="application/json" idls="VHPWebBased/.services/web-eg-building-btn-renartbl.pidl::com.progress.openedge.pdt.bpmbindings" name="web-eg-building-btn-renartbl" produces="application/json" verb="POST"/>
  </prgs:resource>
  <prgs:resource consumes="application/json" name="_egBuildingBtnExit" path="/egBuildingBtnExit" produces="application/json">
    <prgs:operation consumes="application/json" idls="VHPWebBased/.services/web-eg-building-btn-exitbl.pidl::com.progress.openedge.pdt.bpmbindings" name="web-eg-building-btn-exitbl" produces="application/json" verb="POST"/>
  </prgs:resource>
  <prgs:resource consumes="application/json" name="_egSourceBtnDelart" path="/egSourceBtnDelart" produces="application/json">
    <prgs:operation consumes="application/json" idls="VHPWebBased/.services/web-egsource-btn-delartbl.pidl::com.progress.openedge.pdt.bpmbindings" name="web-egsource-btn-delartbl" produces="application/json" verb="POST"/>
  </prgs:resource>
  <prgs:resource consumes="application/json" name="_egSourceBtnExit" path="/egSourceBtnExit" produces="application/json">
    <prgs:operation consumes="application/json" idls="VHPWebBased/.services/web-egsource-btn-exitbl.pidl::com.progress.openedge.pdt.bpmbindings" name="web-egsource-btn-exitbl" produces="application/json" verb="POST"/>
  </prgs:resource>
  <prgs:resource consumes="application/json" name="_egSourceBtnRenart" path="/egSourceBtnRenart" produces="application/json">
    <prgs:operation consumes="application/json" idls="VHPWebBased/.services/web-egsource-btn-renartbl.pidl::com.progress.openedge.pdt.bpmbindings" name="web-egsource-btn-renartbl" produces="application/json" verb="POST"/>
  </prgs:resource>
  <prgs:resource consumes="application/json" name="_egSourcePrepare" path="/egSourcePrepare" produces="application/json">
    <prgs:operation consumes="application/json" idls="VHPWebBased/.services/web-prepare-egsourcebl.pidl::com.progress.openedge.pdt.bpmbindings" name="web-prepare-egsourcebl" produces="application/json" verb="POST"/>
  </prgs:resource>
  <prgs:resource consumes="application/json" name="_egDurationBtnDel" path="/egDurationBtnDel" produces="application/json">
    <prgs:operation consumes="application/json" idls="VHPWebBased/.services/web-eg-duration-btn-delbl.pidl::com.progress.openedge.pdt.bpmbindings" name="web-eg-duration-btn-delbl" produces="application/json" verb="POST"/>
  </prgs:resource>
  <prgs:resource consumes="application/json" name="_egPropertyListRmno" path="/egPropertyListRmno" produces="application/json">
    <prgs:operation consumes="application/json" idls="VHPWebBased/.services/web-eg-propertylist-rmnobl.pidl::com.progress.openedge.pdt.bpmbindings" name="web-eg-propertylist-rmnobl" produces="application/json" verb="POST"/>
  </prgs:resource>
  <prgs:resource consumes="application/json" name="_egPropertyListBtnOk" path="/egPropertyListBtnOk" produces="application/json">
    <prgs:operation consumes="application/json" idls="VHPWebBased/.services/web-eg-propertylist-btn-okbl.pidl::com.progress.openedge.pdt.bpmbindings" name="web-eg-propertylist-btn-okbl" produces="application/json" verb="POST"/>
  </prgs:resource>
  <prgs:resource consumes="application/json" name="_egMaincalendardelPrepare" path="/egMaincalendardelPrepare" produces="application/json">
    <prgs:operation consumes="application/json" idls="VHPWebBased/.services/web-prepare-eg-maincalendardel-webbl.pidl::com.progress.openedge.pdt.bpmbindings" name="web-prepare-eg-maincalendardel-webbl" produces="application/json" verb="POST"/>
  </prgs:resource>
  <prgs:resource consumes="application/json" name="_egMaincalendardelReqact" path="/egMaincalendardelReqact" produces="application/json">
    <prgs:operation consumes="application/json" idls="VHPWebBased/.services/web-eg-maincalendardel-reqactbl.pidl::com.progress.openedge.pdt.bpmbindings" name="web-eg-maincalendardel-reqactbl" produces="application/json" verb="POST"/>
  </prgs:resource>
  <prgs:resource consumes="application/json" name="_egMaincalendardelGo" path="/egMaincalendardelGo" produces="application/json">
    <prgs:operation consumes="application/json" idls="VHPWebBased/.services/web-eg-maincalendardel-gobl.pidl::com.progress.openedge.pdt.bpmbindings" name="web-eg-maincalendardel-gobl" produces="application/json" verb="POST"/>
  </prgs:resource>
  <prgs:resource consumes="application/json" name="_egMaincalendardelDisp" path="/egMaincalendardelDisp" produces="application/json">
    <prgs:operation consumes="application/json" idls="VHPWebBased/.services/web-eg-maincalendardel-disp-webbl.pidl::com.progress.openedge.pdt.bpmbindings" name="web-eg-maincalendardel-disp-webbl" produces="application/json" verb="POST"/>
  </prgs:resource>
  <prgs:resource consumes="application/json" name="_egMaincalendardelDelete" path="/egMaincalendardelDelete" produces="application/json">
    <prgs:operation consumes="application/json" idls="VHPWebBased/.services/web-eg-maincalendardel-deletebl.pidl::com.progress.openedge.pdt.bpmbindings" name="web-eg-maincalendardel-deletebl" produces="application/json" verb="POST"/>
  </prgs:resource>
  <prgs:resource consumes="application/json" name="_egRepmaintainPrepare" path="/egRepmaintainPrepare" produces="application/json">
    <prgs:operation consumes="application/json" idls="VHPWebBased/.services/web-prepare-eg-repmaintainbl.pidl::com.progress.openedge.pdt.bpmbindings" name="web-prepare-eg-repmaintainbl" produces="application/json" verb="POST"/>
  </prgs:resource>
  <prgs:resource consumes="application/json" name="_egRepmaintainDisp" path="/egRepmaintainDisp" produces="application/json">
    <prgs:operation consumes="application/json" idls="VHPWebBased/.services/web-eg-repmaintain-disp-webbl.pidl::com.progress.openedge.pdt.bpmbindings" name="web-eg-repmaintain-disp-webbl" produces="application/json" verb="POST"/>
  </prgs:resource>
  <prgs:resource consumes="application/json" name="_egRephistorymovePrepare" path="/egRephistorymovePrepare" produces="application/json">
    <prgs:operation consumes="application/json" idls="VHPWebBased/.services/web-prepare-eg-rephistorymovebl.pidl::com.progress.openedge.pdt.bpmbindings" name="web-prepare-eg-rephistorymovebl" produces="application/json" verb="POST"/>
  </prgs:resource>
  <prgs:resource consumes="application/json" name="_egRephistorymoveCreateBrowse" path="/egRephistorymoveCreateBrowse" produces="application/json">
    <prgs:operation consumes="application/json" idls="VHPWebBased/.services/web-eg-rephistorymove-create-browsebl.pidl::com.progress.openedge.pdt.bpmbindings" name="web-eg-rephistorymove-create-browsebl" produces="application/json" verb="POST"/>
  </prgs:resource>
  <prgs:resource consumes="application/json" name="_propertySelectPrepare" path="/propertySelectPrepare" produces="application/json">
    <prgs:operation consumes="application/json" idls="VHPWebBased/.services/web-prepare-sel-propertybl.pidl::com.progress.openedge.pdt.bpmbindings" name="web-prepare-sel-propertybl" produces="application/json" verb="POST"/>
  </prgs:resource>
  <prgs:resource consumes="application/json" name="_egRephistorymoveallPrepare" path="/egRephistorymoveallPrepare" produces="application/json">
    <prgs:operation consumes="application/json" idls="VHPWebBased/.services/web-prepare-eg-rephistorymoveallbl.pidl::com.progress.openedge.pdt.bpmbindings" name="web-prepare-eg-rephistorymoveallbl" produces="application/json" verb="POST"/>
  </prgs:resource>
  <prgs:resource consumes="application/json" name="_egRephistorymoveBtnGo" path="/egRephistorymoveBtnGo" produces="application/json">
    <prgs:operation consumes="application/json" idls="VHPWebBased/.services/web-eg-rephistorymove-btn-gobl.pidl::com.progress.openedge.pdt.bpmbindings" name="web-eg-rephistorymove-btn-gobl" produces="application/json" verb="POST"/>
  </prgs:resource>
  <prgs:resource consumes="application/json" name="_egRepdurationPrepare" path="/egRepdurationPrepare" produces="application/json">
    <prgs:operation consumes="application/json" idls="VHPWebBased/.services/web-prepare-eg-repdurationbl.pidl::com.progress.openedge.pdt.bpmbindings" name="web-prepare-eg-repdurationbl" produces="application/json" verb="POST"/>
  </prgs:resource>
  <prgs:resource consumes="application/json" name="_egRepdurationDisp" path="/egRepdurationDisp" produces="application/json">
    <prgs:operation consumes="application/json" idls="VHPWebBased/.services/web-eg-repduration-disp-webbl.pidl::com.progress.openedge.pdt.bpmbindings" name="web-eg-repduration-disp-webbl" produces="application/json" verb="POST"/>
  </prgs:resource>
  <prgs:resource consumes="application/json" name="_egPropertyPrepare" path="/egPropertyPrepare" produces="application/json">
    <prgs:operation consumes="application/json" idls="VHPWebBased/.services/web-prepare-eg-propertybl.pidl::com.progress.openedge.pdt.bpmbindings" name="web-prepare-eg-propertybl" produces="application/json" verb="POST"/>
  </prgs:resource>
  <prgs:resource consumes="application/json" name="_egPropertyChkBtnDelart" path="/egPropertyChkBtnDelart" produces="application/json">
    <prgs:operation consumes="application/json" idls="VHPWebBased/.services/web-eg-property-chk-btn-delartbl.pidl::com.progress.openedge.pdt.bpmbindings" name="web-eg-property-chk-btn-delartbl" produces="application/json" verb="POST"/>
  </prgs:resource>
  <prgs:resource consumes="application/json" name="_egPropertyBtnGo" path="/egPropertyBtnGo" produces="application/json">
    <prgs:operation consumes="application/json" idls="VHPWebBased/.services/web-eg-property-btn-gobl.pidl::com.progress.openedge.pdt.bpmbindings" name="web-eg-property-btn-gobl" produces="application/json" verb="POST"/>
  </prgs:resource>
  <prgs:resource consumes="application/json" name="_egPropertyBtnExit" path="/egPropertyBtnExit" produces="application/json">
    <prgs:operation consumes="application/json" idls="VHPWebBased/.services/web-eg-property-btn-exitbl.pidl::com.progress.openedge.pdt.bpmbindings" name="web-eg-property-btn-exitbl" produces="application/json" verb="POST"/>
  </prgs:resource>
  <prgs:resource consumes="application/json" name="_egPropertyBtnExit2" path="/egPropertyBtnExit2" produces="application/json">
    <prgs:operation consumes="application/json" idls="VHPWebBased/.services/web-eg-property-btn-exit2bl.pidl::com.progress.openedge.pdt.bpmbindings" name="web-eg-property-btn-exit2bl" produces="application/json" verb="POST"/>
  </prgs:resource>
  <prgs:resource consumes="application/json" name="_egPropertyBtnDelart" path="/egPropertyBtnDelart" produces="application/json">
    <prgs:operation consumes="application/json" idls="VHPWebBased/.services/web-eg-property-btn-delartbl.pidl::com.progress.openedge.pdt.bpmbindings" name="web-eg-property-btn-delartbl" produces="application/json" verb="POST"/>
  </prgs:resource>
  <prgs:resource consumes="application/json" name="_egPropertyBtnAddart" path="/egPropertyBtnAddart" produces="application/json">
    <prgs:operation consumes="application/json" idls="VHPWebBased/.services/web-eg-property-btn-addartbl.pidl::com.progress.openedge.pdt.bpmbindings" name="web-eg-property-btn-addartbl" produces="application/json" verb="POST"/>
  </prgs:resource>
  <prgs:resource consumes="application/json" name="_egSelDeptsubPrepare" path="/egSelDeptsubPrepare" produces="application/json">
    <prgs:operation consumes="application/json" idls="VHPWebBased/.services/web-prepare-sel-deptsubbl.pidl::com.progress.openedge.pdt.bpmbindings" name="web-prepare-sel-deptsubbl" produces="application/json" verb="POST"/>
  </prgs:resource>
  <prgs:resource consumes="application/json" name="_egSelMainPrepare" path="/egSelMainPrepare" produces="application/json">
    <prgs:operation consumes="application/json" idls="VHPWebBased/.services/web-prepare-sel-egmainbl.pidl::com.progress.openedge.pdt.bpmbindings" name="web-prepare-sel-egmainbl" produces="application/json" verb="POST"/>
  </prgs:resource>
  <prgs:resource consumes="application/json" name="_egSelCopypropPrepare" path="/egSelCopypropPrepare" produces="application/json">
    <prgs:operation consumes="application/json" idls="VHPWebBased/.services/web-prepare-sel-copypropbl.pidl::com.progress.openedge.pdt.bpmbindings" name="web-prepare-sel-copypropbl" produces="application/json" verb="POST"/>
  </prgs:resource>
  <prgs:resource consumes="application/json" name="_egSelCopypropBtnOk" path="/egSelCopypropBtnOk" produces="application/json">
    <prgs:operation consumes="application/json" idls="VHPWebBased/.services/web-sel-copyprop-btn-okbl.pidl::com.progress.openedge.pdt.bpmbindings" name="web-sel-copyprop-btn-okbl" produces="application/json" verb="POST"/>
  </prgs:resource>
  <prgs:resource consumes="application/json" name="_egSelCopypropBtnOk2" path="/egSelCopypropBtnOk2" produces="application/json">
    <prgs:operation consumes="application/json" idls="VHPWebBased/.services/web-sel-copyprop-btn-ok2bl.pidl::com.progress.openedge.pdt.bpmbindings" name="web-sel-copyprop-btn-ok2bl" produces="application/json" verb="POST"/>
  </prgs:resource>
  <prgs:resource consumes="application/json" name="_egSelCategPrepare" path="/egSelCategPrepare" produces="application/json">
    <prgs:operation consumes="application/json" idls="VHPWebBased/.services/web-prepare-sel-egcategbl.pidl::com.progress.openedge.pdt.bpmbindings" name="web-prepare-sel-egcategbl" produces="application/json" verb="POST"/>
  </prgs:resource>
  <prgs:resource consumes="application/json" name="_egPropertymeterPrepare" path="/egPropertymeterPrepare" produces="application/json">
    <prgs:operation consumes="application/json" idls="VHPWebBased/.services/web-prepare-eg-propertymeterbl.pidl::com.progress.openedge.pdt.bpmbindings" name="web-prepare-eg-propertymeterbl" produces="application/json" verb="POST"/>
  </prgs:resource>
  <prgs:resource consumes="application/json" name="_egPropertymeterCreateRecMeter" path="/egPropertymeterCreateRecMeter" produces="application/json">
    <prgs:operation consumes="application/json" idls="VHPWebBased/.services/web-eg-propertymeter-create-rec-meterbl.pidl::com.progress.openedge.pdt.bpmbindings" name="web-eg-propertymeter-create-rec-meterbl" produces="application/json" verb="POST"/>
  </prgs:resource>
  <prgs:resource consumes="application/json" name="_egPropertymeterBtnOk" path="/egPropertymeterBtnOk" produces="application/json">
    <prgs:operation consumes="application/json" idls="VHPWebBased/.services/web-eg-propertymeter-btn-okbl.pidl::com.progress.openedge.pdt.bpmbindings" name="web-eg-propertymeter-btn-okbl" produces="application/json" verb="POST"/>
  </prgs:resource>
  <prgs:resource consumes="application/json" name="_egPropertymeterBtnCreate" path="/egPropertymeterBtnCreate" produces="application/json">
    <prgs:operation consumes="application/json" idls="VHPWebBased/.services/web-eg-propertymeter-btn-createbl.pidl::com.progress.openedge.pdt.bpmbindings" name="web-eg-propertymeter-btn-createbl" produces="application/json" verb="POST"/>
  </prgs:resource>
  <prgs:resource consumes="application/json" name="_egChgreqStockNr" path="/egChgReqStockNr" produces="application/json">
    <prgs:operation consumes="application/json" idls="VHPWebBased/.services/web-eg-chgreq-stock-nrbl.pidl::com.progress.openedge.pdt.bpmbindings" name="web-eg-chgreq-stock-nrbl" produces="application/json" verb="POST"/>
  </prgs:resource>
  <prgs:resource consumes="application/json" name="_egChgReqVendorNr" path="/egChgReqVendorNr" produces="application/json">
    <prgs:operation consumes="application/json" idls="VHPWebBased/.services/web-eg-chgreq-vendor-nrbl.pidl::com.progress.openedge.pdt.bpmbindings" name="web-eg-chgreq-vendor-nrbl" produces="application/json" verb="POST"/>
  </prgs:resource>
  <prgs:resource consumes="application/json" name="_egChgReqAssignTo" path="/egChgReqAssignTo" produces="application/json">
    <prgs:operation consumes="application/json" idls="VHPWebBased/.services/web-eg-chgreq-assign-tobl.pidl::com.progress.openedge.pdt.bpmbindings" name="web-eg-chgreq-assign-tobl" produces="application/json" verb="POST"/>
  </prgs:resource>
  <prgs:resource consumes="application/json" name="_egRephistorypropPrepare" path="/egRephistorypropPrepare" produces="application/json">
    <prgs:operation consumes="application/json" idls="VHPWebBased/.services/web-prepare-eg-rephistorypropbl.pidl::com.progress.openedge.pdt.bpmbindings" name="web-prepare-eg-rephistorypropbl" produces="application/json" verb="POST"/>
  </prgs:resource>
  <prgs:resource consumes="application/json" name="_egRephistorypropBtnGo" path="/egRephistorypropBtnGo" produces="application/json">
    <prgs:operation consumes="application/json" idls="VHPWebBased/.services/web-eg-rephistoryprop-btn-gobl.pidl::com.progress.openedge.pdt.bpmbindings" name="web-eg-rephistoryprop-btn-gobl" produces="application/json" verb="POST"/>
  </prgs:resource>
  <prgs:resource consumes="application/json" name="_egRephistoryroomDisp" path="/egRephistoryroomDisp" produces="application/json">
    <prgs:operation consumes="application/json" idls="VHPWebBased/.services/web-eg-rephistoryroom-disp-webbl.pidl::com.progress.openedge.pdt.bpmbindings" name="web-eg-rephistoryroom-disp-webbl" produces="application/json" verb="POST"/>
  </prgs:resource>
  <prgs:resource consumes="application/json" name="_egRephistoryroomCreateHistory" path="/egRephistoryroomCreateHistory" produces="application/json">
    <prgs:operation consumes="application/json" idls="VHPWebBased/.services/web-eg-rephistoryroom-create-historybl.pidl::com.progress.openedge.pdt.bpmbindings" name="web-eg-rephistoryroom-create-historybl" produces="application/json" verb="POST"/>
  </prgs:resource>
  <prgs:resource consumes="application/json" name="_egRephistoryroomPrepare" path="/egRephistoryroomPrepare" produces="application/json">
    <prgs:operation consumes="application/json" idls="VHPWebBased/.services/web-prepare-eg-rephistoryroombl.pidl::com.progress.openedge.pdt.bpmbindings" name="web-prepare-eg-rephistoryroombl" produces="application/json" verb="POST"/>
  </prgs:resource>
  <prgs:resource consumes="application/json" name="_egMaincalendarPrepare" path="/egMaincalendarPrepare" produces="application/json">
    <prgs:operation consumes="application/json" idls="VHPWebBased/.services/web-prepare-eg-maincalendar-webbl.pidl::com.progress.openedge.pdt.bpmbindings" name="web-prepare-eg-maincalendar-webbl" produces="application/json" verb="POST"/>
  </prgs:resource>
  <prgs:resource consumes="application/json" name="_egMaincalendarCreateMaintain" path="/egMaincalendarCreateMaintain" produces="application/json">
    <prgs:operation consumes="application/json" idls="VHPWebBased/.services/web-eg-maincalendar-create-maintainbl.pidl::com.progress.openedge.pdt.bpmbindings" name="web-eg-maincalendar-create-maintainbl" produces="application/json" verb="POST"/>
  </prgs:resource>
  <prgs:resource consumes="application/json" name="_egMaincalendarFillS1" path="/egMaincalendarFillS1" produces="application/json">
    <prgs:operation consumes="application/json" idls="VHPWebBased/.services/web-eg-maincalendar-fill-s1bl.pidl::com.progress.openedge.pdt.bpmbindings" name="web-eg-maincalendar-fill-s1bl" produces="application/json" verb="POST"/>
  </prgs:resource>
  <prgs:resource consumes="application/json" name="_egMainschedulePrepare" path="/egMainschedulePrepare" produces="application/json">
    <prgs:operation consumes="application/json" idls="VHPWebBased/.services/web-prepare-eg-mainschedule-webbl.pidl::com.progress.openedge.pdt.bpmbindings" name="web-prepare-eg-mainschedule-webbl" produces="application/json" verb="POST"/>
  </prgs:resource>
  <prgs:resource consumes="application/json" name="_egMainscheduleedPrepare" path="/egMainscheduleedPrepare" produces="application/json">
    <prgs:operation consumes="application/json" idls="VHPWebBased/.services/web-prepare-eg-mainscheduleed-webbl.pidl::com.progress.openedge.pdt.bpmbindings" name="web-prepare-eg-mainscheduleed-webbl" produces="application/json" verb="POST"/>
  </prgs:resource>
  <prgs:resource consumes="application/json" name="_egMaincalendarBtnDel" path="/egMaincalendarBtnDel" produces="application/json">
    <prgs:operation consumes="application/json" idls="VHPWebBased/.services/web-eg-maincalendar-btn-delbl.pidl::com.progress.openedge.pdt.bpmbindings" name="web-eg-maincalendar-btn-delbl" produces="application/json" verb="POST"/>
  </prgs:resource>
  <prgs:resource consumes="application/json" name="_egMaincalendarAllCategory" path="/egMaincalendarAllCategory" produces="application/json">
    <prgs:operation consumes="application/json" idls="VHPWebBased/.services/web-eg-maincalendar-all-categorybl.pidl::com.progress.openedge.pdt.bpmbindings" name="web-eg-maincalendar-all-categorybl" produces="application/json" verb="POST"/>
  </prgs:resource>
  <prgs:resource consumes="application/json" name="_egMaincalendarAllMaintask" path="/egMaincalendarAllMaintask" produces="application/json">
    <prgs:operation consumes="application/json" idls="VHPWebBased/.services/web-eg-maincalendar-all-maintaskbl.pidl::com.progress.openedge.pdt.bpmbindings" name="web-eg-maincalendar-all-maintaskbl" produces="application/json" verb="POST"/>
  </prgs:resource>
  <prgs:resource consumes="application/json" name="_egMaincalendarAllLocation" path="/egMaincalendarAllLocation" produces="application/json">
    <prgs:operation consumes="application/json" idls="VHPWebBased/.services/web-eg-maincalendar-all-locationbl.pidl::com.progress.openedge.pdt.bpmbindings" name="web-eg-maincalendar-all-locationbl" produces="application/json" verb="POST"/>
  </prgs:resource>
  <prgs:resource consumes="application/json" name="_egMaincalendarSetMain" path="/egMaincalendarSetMain" produces="application/json">
    <prgs:operation consumes="application/json" idls="VHPWebBased/.services/web-eg-maincalendar-set-mainbl.pidl::com.progress.openedge.pdt.bpmbindings" name="web-eg-maincalendar-set-mainbl" produces="application/json" verb="POST"/>
  </prgs:resource>
  <prgs:resource consumes="application/json" name="_egMaincalendarBtnGo" path="/egMaincalendarBtnGo" produces="application/json">
    <prgs:operation consumes="application/json" idls="VHPWebBased/.services/web-eg-maincalendar-btn-gobl.pidl::com.progress.openedge.pdt.bpmbindings" name="web-eg-maincalendar-btn-gobl" produces="application/json" verb="POST"/>
  </prgs:resource>
  <prgs:resource consumes="application/json" name="_egReceivedPrepare" path="/egReceivedPrepare" produces="application/json">
    <prgs:operation consumes="application/json" idls="VHPWebBased/.services/web-prepare-eg-receivedbl.pidl::com.progress.openedge.pdt.bpmbindings" name="web-prepare-eg-receivedbl" produces="application/json" verb="POST"/>
  </prgs:resource>
  <prgs:resource consumes="application/json" name="_egReceivedCreateBrowse" path="/egReceivedCreateBrowse" produces="application/json">
    <prgs:operation consumes="application/json" idls="VHPWebBased/.services/web-eg-received-create-browse-webbl.pidl::com.progress.openedge.pdt.bpmbindings" name="web-eg-received-create-browse-webbl" produces="application/json" verb="POST"/>
  </prgs:resource>
  <prgs:resource consumes="application/json" name="_egReceivedBtnRenart" path="/egReceivedBtnRenart" produces="application/json">
    <prgs:operation consumes="application/json" idls="VHPWebBased/.services/web-eg-received-btn-renartbl.pidl::com.progress.openedge.pdt.bpmbindings" name="web-eg-received-btn-renartbl" produces="application/json" verb="POST"/>
  </prgs:resource>
  <prgs:resource consumes="application/json" name="_egReceivedBtnOk2" path="/egReceivedBtnOk2" produces="application/json">
    <prgs:operation consumes="application/json" idls="VHPWebBased/.services/web-eg-received-btn-ok2bl.pidl::com.progress.openedge.pdt.bpmbindings" name="web-eg-received-btn-ok2bl" produces="application/json" verb="POST"/>
  </prgs:resource>
  <prgs:resource consumes="application/json" name="_egReceivedBtnOk1" path="/egReceivedBtnOk1" produces="application/json">
    <prgs:operation consumes="application/json" idls="VHPWebBased/.services/web-eg-received-btn-ok1bl.pidl::com.progress.openedge.pdt.bpmbindings" name="web-eg-received-btn-ok1bl" produces="application/json" verb="POST"/>
  </prgs:resource>
  <prgs:resource consumes="application/json" name="_egReceivedBudgetFromgl" path="/egReceivedBudgetFromgl" produces="application/json">
    <prgs:operation consumes="application/json" idls="VHPWebBased/.services/web-eg-received-budget-fromgl-webbl.pidl::com.progress.openedge.pdt.bpmbindings" name="web-eg-received-budget-fromgl-webbl" produces="application/json" verb="POST"/>
  </prgs:resource>
  <prgs:resource consumes="application/json" name="_egDailyPrepare" path="/egDailyPrepare" produces="application/json">
    <prgs:operation consumes="application/json" idls="VHPWebBased/.services/web-prepare-eg-dailybl.pidl::com.progress.openedge.pdt.bpmbindings" name="web-prepare-eg-dailybl" produces="application/json" verb="POST"/>
  </prgs:resource>
  <prgs:resource consumes="application/json" name="_egDailyRefreshBrowse" path="/egDailyRefreshBrowse" produces="application/json">
    <prgs:operation consumes="application/json" idls="VHPWebBased/.services/web-eg-daily-refresh-browsebl.pidl::com.progress.openedge.pdt.bpmbindings" name="web-eg-daily-refresh-browsebl" produces="application/json" verb="POST"/>
  </prgs:resource>
  <prgs:resource consumes="application/json" name="_egDailyBtnOkframe2" path="/egDailyBtnOkframe2" produces="application/json">
    <prgs:operation consumes="application/json" idls="VHPWebBased/.services/web-eg-daily-btn-okframe2bl.pidl::com.progress.openedge.pdt.bpmbindings" name="web-eg-daily-btn-okframe2bl" produces="application/json" verb="POST"/>
  </prgs:resource>
  <prgs:resource consumes="application/json" name="_egChgReqCreateAction" path="/egChgReqCreateAction" produces="application/json">
    <prgs:operation consumes="application/json" idls="VHPWebBased/.services/web-eg-chgreq-create-actionbl.pidl::com.progress.openedge.pdt.bpmbindings" name="web-eg-chgreq-create-actionbl" produces="application/json" verb="POST"/>
  </prgs:resource>
  <prgs:resource consumes="application/json" name="_egSelLookmaintainPrepare" path="/egSelLookmaintainPrepare" produces="application/json">
    <prgs:operation consumes="application/json" idls="VHPWebBased/.services/web-prepare-sel-lookmaintain-webbl.pidl::com.progress.openedge.pdt.bpmbindings" name="web-prepare-sel-lookmaintain-webbl" produces="application/json" verb="POST"/>
  </prgs:resource>
  <prgs:resource consumes="application/json" name="_egMainscheduleBtnGo" path="/egMainscheduleBtnGo" produces="application/json">
    <prgs:operation consumes="application/json" idls="VHPWebBased/.services/web-eg-mainschedule-btn-go-webbl.pidl::com.progress.openedge.pdt.bpmbindings" name="web-eg-mainschedule-btn-go-webbl" produces="application/json" verb="POST"/>
  </prgs:resource>
  <prgs:resource consumes="application/json" name="_egSelCopymaintenancePrepare" path="/egSelCopymaintenancePrepare" produces="application/json">
    <prgs:operation consumes="application/json" idls="VHPWebBased/.services/web-prepare-sel-copymaintenancebl.pidl::com.progress.openedge.pdt.bpmbindings" name="web-prepare-sel-copymaintenancebl" produces="application/json" verb="POST"/>
  </prgs:resource>
  <prgs:resource consumes="application/json" name="_egSelCopymaintenanceBtnOk" path="/egSelCopymaintenanceBtnOk" produces="application/json">
    <prgs:operation consumes="application/json" idls="VHPWebBased/.services/web-sel-copymaintenance-btn-okbl.pidl::com.progress.openedge.pdt.bpmbindings" name="web-sel-copymaintenance-btn-okbl" produces="application/json" verb="POST"/>
  </prgs:resource>
  <prgs:resource consumes="application/json" name="_egMainscheduleedPropertynr" path="/egMainscheduleedPropertynr" produces="application/json">
    <prgs:operation consumes="application/json" idls="VHPWebBased/.services/web-eg-mainscheduleed-propertynrbl.pidl::com.progress.openedge.pdt.bpmbindings" name="web-eg-mainscheduleed-propertynrbl" produces="application/json" verb="POST"/>
  </prgs:resource>
  <prgs:resource consumes="application/json" name="_egMainscheduleedPic" path="/egMainscheduleedPic" produces="application/json">
    <prgs:operation consumes="application/json" idls="VHPWebBased/.services/web-eg-mainscheduleed-picbl.pidl::com.progress.openedge.pdt.bpmbindings" name="web-eg-mainscheduleed-picbl" produces="application/json" verb="POST"/>
  </prgs:resource>
  <prgs:resource consumes="application/json" name="_egMainscheduleedBtnGo" path="/egMainscheduleedBtnGo" produces="application/json">
    <prgs:operation consumes="application/json" idls="VHPWebBased/.services/web-eg-mainscheduleed-btn-go-webbl.pidl::com.progress.openedge.pdt.bpmbindings" name="web-eg-mainscheduleed-btn-go-webbl" produces="application/json" verb="POST"/>
  </prgs:resource>
  <prgs:resource consumes="application/json" name="_egCostPrepare" path="/egCostPrepare" produces="application/json">
    <prgs:operation consumes="application/json" idls="VHPWebBased/.services/web-prepare-eg-costbl.pidl::com.progress.openedge.pdt.bpmbindings" name="web-prepare-eg-costbl" produces="application/json" verb="POST"/>
  </prgs:resource>
  <prgs:resource consumes="application/json" name="_egCostBtnOk" path="/egCostBtnOk" produces="application/json">
    <prgs:operation consumes="application/json" idls="VHPWebBased/.services/web-eg-cost-btn-okbl.pidl::com.progress.openedge.pdt.bpmbindings" name="web-eg-cost-btn-okbl" produces="application/json" verb="POST"/>
  </prgs:resource>
  <prgs:resource consumes="application/json" name="_egCostclosePrepare" path="/egCostclosePrepare" produces="application/json">
    <prgs:operation consumes="application/json" idls="VHPWebBased/.services/web-prepare-eg-costclosebl.pidl::com.progress.openedge.pdt.bpmbindings" name="web-prepare-eg-costclosebl" produces="application/json" verb="POST"/>
  </prgs:resource>
  <prgs:resource consumes="application/json" name="_egCostcloseBtnOk" path="/egCostcloseBtnOk" produces="application/json">
    <prgs:operation consumes="application/json" idls="VHPWebBased/.services/web-eg-costclose-btn-okbl.pidl::com.progress.openedge.pdt.bpmbindings" name="web-eg-costclose-btn-okbl" produces="application/json" verb="POST"/>
  </prgs:resource>
  <prgs:resource consumes="application/json" name="_egChgReqCreateHistory" path="/egChgReqCreateHistory" produces="application/json">
    <prgs:operation consumes="application/json" idls="VHPWebBased/.services/web-eg-chgreq-create-historybl.pidl::com.progress.openedge.pdt.bpmbindings" name="web-eg-chgreq-create-historybl" produces="application/json" verb="POST"/>
  </prgs:resource>
  <prgs:resource consumes="application/json" name="_egSelVendorPrepare" path="/egSelVendorPrepare" produces="application/json">
    <prgs:operation consumes="application/json" idls="VHPWebBased/.services/web-prepare-sel-vendorbl.pidl::com.progress.openedge.pdt.bpmbindings" name="web-prepare-sel-vendorbl" produces="application/json" verb="POST"/>
  </prgs:resource>
  <prgs:resource consumes="application/json" name="_egMainscheduleGetInfoguest" path="/egMainscheduleGetInfoguest" produces="application/json">
    <prgs:operation consumes="application/json" idls="VHPWebBased/.services/web-eg-mainschedule-get-infoguestbl.pidl::com.progress.openedge.pdt.bpmbindings" name="web-eg-mainschedule-get-infoguestbl" produces="application/json" verb="POST"/>
  </prgs:resource>
  <prgs:resource consumes="application/json" name="_egReprequestcancelPrepare" path="/egReprequestcancelPrepare" produces="application/json">
    <prgs:operation consumes="application/json" idls="VHPWebBased/.services/web-prepare-eg-reprequestcancel-webbl.pidl::com.progress.openedge.pdt.bpmbindings" name="web-prepare-eg-reprequestcancel-webbl" produces="application/json" verb="POST"/>
  </prgs:resource>
  <prgs:resource consumes="application/json" name="_egReprequestcancelOpenQuery" path="/egReprequestcancelOpenQuery" produces="application/json">
    <prgs:operation consumes="application/json" idls="VHPWebBased/.services/web-eg-reprequestcancel-open-querybl.pidl::com.progress.openedge.pdt.bpmbindings" name="web-eg-reprequestcancel-open-querybl" produces="application/json" verb="POST"/>
  </prgs:resource>
  <prgs:resource consumes="application/json" name="_egRepmaintaincancelPrepare" path="/egRepmaintaincancelPrepare" produces="application/json">
    <prgs:operation consumes="application/json" idls="VHPWebBased/.services/web-prepare-eg-repmaintaincancelbl.pidl::com.progress.openedge.pdt.bpmbindings" name="web-prepare-eg-repmaintaincancelbl" produces="application/json" verb="POST"/>
  </prgs:resource>
  <prgs:resource consumes="application/json" name="_egRepmaintaincancelCreateRoom" path="/egRepmaintaincancelCreateRoom" produces="application/json">
    <prgs:operation consumes="application/json" idls="VHPWebBased/.services/web-eg-repmaintaincancel-create-roombl.pidl::com.progress.openedge.pdt.bpmbindings" name="web-eg-repmaintaincancel-create-roombl" produces="application/json" verb="POST"/>
  </prgs:resource>
  <prgs:resource consumes="application/json" name="_egRepmaintaincancelAllLocation" path="/egRepmaintaincancelAllLocation" produces="application/json">
    <prgs:operation consumes="application/json" idls="VHPWebBased/.services/web-eg-repmaintaincancel-all-locationbl.pidl::com.progress.openedge.pdt.bpmbindings" name="web-eg-repmaintaincancel-all-locationbl" produces="application/json" verb="POST"/>
  </prgs:resource>
  <prgs:resource consumes="application/json" name="_egMksubPrepare" path="/egMksubPrepare" produces="application/json">
    <prgs:operation consumes="application/json" idls="VHPWebBased/.services/web-prepare-eg-mksub-webbl.pidl::com.progress.openedge.pdt.bpmbindings" name="web-prepare-eg-mksub-webbl" produces="application/json" verb="POST"/>
  </prgs:resource>
  <prgs:resource consumes="application/json" name="_egMksubBtnOk" path="/egMksubBtnOk" produces="application/json">
    <prgs:operation consumes="application/json" idls="VHPWebBased/.services/web-eg-mksub-btn-ok-webbl.pidl::com.progress.openedge.pdt.bpmbindings" name="web-eg-mksub-btn-ok-webbl" produces="application/json" verb="POST"/>
  </prgs:resource>
  <prgs:resource consumes="application/json" name="_egChgReqCalcEstimated" path="/egChgReqCalcEstimated" produces="application/json">
    <prgs:operation consumes="application/json" idls="VHPWebBased/.services/web-eg-chgreq-calc-estimatedbl.pidl::com.progress.openedge.pdt.bpmbindings" name="web-eg-chgreq-calc-estimatedbl" produces="application/json" verb="POST"/>
  </prgs:resource>
  <prgs:resource consumes="application/json" name="_egMksubOfSubtask" path="/egMksubOfSubtask" produces="application/json">
    <prgs:operation consumes="application/json" idls="VHPWebBased/.services/web-eg-mksub-of-subtaskbl.pidl::com.progress.openedge.pdt.bpmbindings" name="web-eg-mksub-of-subtaskbl" produces="application/json" verb="POST"/>
  </prgs:resource>
  <prgs:resource consumes="application/json" name="_egMksubMkCode" path="/egMksubMkCode" produces="application/json">
    <prgs:operation consumes="application/json" idls="VHPWebBased/.services/web-eg-mksub-mk-codebl.pidl::com.progress.openedge.pdt.bpmbindings" name="web-eg-mksub-mk-codebl" produces="application/json" verb="POST"/>
  </prgs:resource>
  <prgs:resource consumes="application/json" name="_egSelDuration" path="/egSelDuration" produces="application/json">
    <prgs:operation consumes="application/json" idls="VHPWebBased/.services/web-prepare-sel-egdurbl.pidl::com.progress.openedge.pdt.bpmbindings" name="web-prepare-sel-egdurbl" produces="application/json" verb="POST"/>
  </prgs:resource>
  <prgs:resource consumes="application/json" name="_egSubTaskBtnDelart" path="/egSubTaskBtnDelart" produces="application/json">
    <prgs:operation consumes="application/json" idls="VHPWebBased/.services/web-egsub-task-btn-delartbl.pidl::com.progress.openedge.pdt.bpmbindings" name="web-egsub-task-btn-delartbl" produces="application/json" verb="POST"/>
  </prgs:resource>
  <prgs:resource consumes="application/json" name="_egSubTaskPrepare" path="/egSubTaskPrepare" produces="application/json">
    <prgs:operation consumes="application/json" idls="VHPWebBased/.services/web-prepare-egsub-taskbl.pidl::com.progress.openedge.pdt.bpmbindings" name="web-prepare-egsub-taskbl" produces="application/json" verb="POST"/>
  </prgs:resource>
  <prgs:resource consumes="application/json" name="_egProbManagePrepare" path="/egProbManagePrepare" produces="application/json">
    <prgs:operation consumes="application/json" idls="VHPWebBased/.services/web-prepare-eg-prob-manage-webbl.pidl::com.progress.openedge.pdt.bpmbindings" name="web-prepare-eg-prob-manage-webbl" produces="application/json" verb="POST"/>
  </prgs:resource>
  <prgs:resource consumes="application/json" name="_egSubTaskMkCode" path="/egSubTaskMkCode" produces="application/json">
    <prgs:operation consumes="application/json" idls="VHPWebBased/.services/web-egsub-task-mk-codebl.pidl::com.progress.openedge.pdt.bpmbindings" name="web-egsub-task-mk-codebl" produces="application/json" verb="POST"/>
  </prgs:resource>
  <prgs:resource consumes="application/json" name="_egSubTaskSubCode" path="/egSubTaskSubCode" produces="application/json">
    <prgs:operation consumes="application/json" idls="VHPWebBased/.services/web-egsub-task-sub-codebl.pidl::com.progress.openedge.pdt.bpmbindings" name="web-egsub-task-sub-codebl" produces="application/json" verb="POST"/>
  </prgs:resource>
  <prgs:resource consumes="application/json" name="_egSubTaskBtnExit" path="/egSubTaskBtnExit" produces="application/json">
    <prgs:operation consumes="application/json" idls="VHPWebBased/.services/web-egsub-task-btn-exitbl.pidl::com.progress.openedge.pdt.bpmbindings" name="web-egsub-task-btn-exitbl" produces="application/json" verb="POST"/>
  </prgs:resource>
  <prgs:resource consumes="application/json" name="_egSubTaskMerge" path="/egSubTaskMerge" produces="application/json">
    <prgs:operation consumes="application/json" idls="VHPWebBased/.services/web-eg-mergeproblem-btn-ok-webbl.pidl::com.progress.openedge.pdt.bpmbindings" name="web-eg-mergeproblem-btn-ok-webbl" produces="application/json" verb="POST"/>
  </prgs:resource>
  <prgs:resource consumes="application/json" name="_egMergeItemPrepare" path="/egMergeItemPrepare" produces="application/json">
    <prgs:operation consumes="application/json" idls="VHPWebBased/.services/web-prepare-eg-merge-item-webbl.pidl::com.progress.openedge.pdt.bpmbindings" name="web-prepare-eg-merge-item-webbl" produces="application/json" verb="POST"/>
  </prgs:resource>
  <prgs:resource consumes="application/json" name="_egMergeItemOk" path="/egMergeItemOk" produces="application/json">
    <prgs:operation consumes="application/json" idls="VHPWebBased/.services/web-eg-merge-item-ok-webbl.pidl::com.progress.openedge.pdt.bpmbindings" name="web-eg-merge-item-ok-webbl" produces="application/json" verb="POST"/>
  </prgs:resource>
  <prgs:resource consumes="application/json" name="_egKPIPrepare" path="/egKPIPrepare" produces="application/json">
    <prgs:operation consumes="application/json" idls="VHPWebBased/.services/web-prepare-eg-kpibl.pidl::com.progress.openedge.pdt.bpmbindings" name="web-prepare-eg-kpibl" produces="application/json" verb="POST"/>
  </prgs:resource>
  <prgs:resource consumes="application/json" name="_egKPI" path="/egKPI" produces="application/json">
    <prgs:operation consumes="application/json" idls="VHPWebBased/.services/web-eg-kpibl.pidl::com.progress.openedge.pdt.bpmbindings" name="web-eg-kpibl" produces="application/json" verb="POST"/>
  </prgs:resource>
  <prgs:resource consumes="application/json" name="_egReprequestcancelOpenQuery1" path="/egReprequestcancelOpenQuery1" produces="application/json">
    <prgs:operation consumes="application/json" idls="VHPWebBased/.services/web-eg-reprequestcancel-open-query_1-webbl.pidl::com.progress.openedge.pdt.bpmbindings" name="web-eg-reprequestcancel-open-query_1-webbl" produces="application/json" verb="POST"/>
  </prgs:resource>
  <prgs:resource consumes="application/json" name="_egRephistorypropDisp" path="/egRephistorypropDisp" produces="application/json">
    <prgs:operation consumes="application/json" idls="VHPWebBased/.services/web-eg-rephistoryprop-disp-webbl.pidl::com.progress.openedge.pdt.bpmbindings" name="web-eg-rephistoryprop-disp-webbl" produces="application/json" verb="POST"/>
  </prgs:resource>
  <prgs:resource consumes="application/json" name="_egRephistorypropDetail" path="/egRephistorypropDetail" produces="application/json">
    <prgs:operation consumes="application/json" idls="VHPWebBased/.services/web-eg-rephistoryprop-detail-webbl.pidl::com.progress.openedge.pdt.bpmbindings" name="web-eg-rephistoryprop-detail-webbl" produces="application/json" verb="POST"/>
  </prgs:resource>
  <prgs:resource consumes="application/json" name="_egRephistoryroomDisp2" path="/egRephistoryroomDisp2" produces="application/json">
    <prgs:operation consumes="application/json" idls="VHPWebBased/.services/web-eg-rephistoryroom-disp2-webbl.pidl::com.progress.openedge.pdt.bpmbindings" name="web-eg-rephistoryroom-disp2-webbl" produces="application/json" verb="POST"/>
  </prgs:resource>
  <prgs:resource consumes="application/json" name="_egRephistoryroomDetail" path="/egRephistoryroomDetail" produces="application/json">
    <prgs:operation consumes="application/json" idls="VHPWebBased/.services/web-eg-rephistoryroom-detail-webbl.pidl::com.progress.openedge.pdt.bpmbindings" name="web-eg-rephistoryroom-detail-webbl" produces="application/json" verb="POST"/>
  </prgs:resource>
  <prgs:resource consumes="application/json" name="_egRepmaintainLocation" path="/egRepmaintainLocation" produces="application/json">
    <prgs:operation consumes="application/json" idls="VHPWebBased/.services/web-eg-repmaintain-all-locationbl.pidl::com.progress.openedge.pdt.bpmbindings" name="web-eg-repmaintain-all-locationbl" produces="application/json" verb="POST"/>
  </prgs:resource>
  <prgs:resource consumes="application/json" name="_egRepmaintainCategory" path="/egRepmaintainCategory" produces="application/json">
    <prgs:operation consumes="application/json" idls="VHPWebBased/.services/web-eg-repmaintain-all-categorybl.pidl::com.progress.openedge.pdt.bpmbindings" name="web-eg-repmaintain-all-categorybl" produces="application/json" verb="POST"/>
  </prgs:resource>
  <prgs:resource consumes="application/json" name="_egRepmaintainMaintask" path="/egRepmaintainMaintask" produces="application/json">
    <prgs:operation consumes="application/json" idls="VHPWebBased/.services/web-eg-repmaintain-all-maintaskbl.pidl::com.progress.openedge.pdt.bpmbindings" name="web-eg-repmaintain-all-maintaskbl" produces="application/json" verb="POST"/>
  </prgs:resource>
  <prgs:resource consumes="application/json" name="_egMkreqGetInfoguest" path="/egMkreqGetInfoguest" produces="application/json">
    <prgs:operation consumes="application/json" idls="VHPWebBased/.services/web-eg-mkreq-get-infoguestbl.pidl::com.progress.openedge.pdt.bpmbindings" name="web-eg-mkreq-get-infoguestbl" produces="application/json" verb="POST"/>
  </prgs:resource>
  <prgs:resource consumes="application/json" name="_egReprequestcancelAllCategory" path="/egReprequestcancelAllCategory" produces="application/json">
    <prgs:operation consumes="application/json" idls="VHPWebBased/.services/web-eg-reprequestcancel-all-category-webbl.pidl::com.progress.openedge.pdt.bpmbindings" name="web-eg-reprequestcancel-all-category-webbl" produces="application/json" verb="POST"/>
  </prgs:resource>
  <prgs:resource consumes="application/json" name="_egKPIDetail" path="/egKPIDetail" produces="application/json">
    <prgs:operation consumes="application/json" idls="VHPWebBased/.services/web-detail-kpibl.pidl::com.progress.openedge.pdt.bpmbindings" name="web-detail-kpibl" produces="application/json" verb="POST"/>
  </prgs:resource>
  <prgs:resource consumes="application/json" name="_egRepdurationMaintask" path="/egRepdurationMaintask" produces="application/json">
    <prgs:operation consumes="application/json" idls="VHPWebBased/.services/web-eg-repduration-all-maintaskbl.pidl::com.progress.openedge.pdt.bpmbindings" name="web-eg-repduration-all-maintaskbl" produces="application/json" verb="POST"/>
  </prgs:resource>
  <prgs:resource consumes="application/json" name="_egRepdurationRoom" path="/egRepdurationRoom" produces="application/json">
    <prgs:operation consumes="application/json" idls="VHPWebBased/.services/web-eg-repduration-all-roombl.pidl::com.progress.openedge.pdt.bpmbindings" name="web-eg-repduration-all-roombl" produces="application/json" verb="POST"/>
  </prgs:resource>
  <prgs:resource consumes="application/json" name="_egRepdurationCategory" path="/egRepdurationCategory" produces="application/json">
    <prgs:operation consumes="application/json" idls="VHPWebBased/.services/web-eg-repduration-all-categorybl.pidl::com.progress.openedge.pdt.bpmbindings" name="web-eg-repduration-all-categorybl" produces="application/json" verb="POST"/>
  </prgs:resource>
  <prgs:resource consumes="application/json" name="_egRepdurationLocation" path="/egRepdurationLocation" produces="application/json">
    <prgs:operation consumes="application/json" idls="VHPWebBased/.services/web-eg-repduration-all-locationbl.pidl::com.progress.openedge.pdt.bpmbindings" name="web-eg-repduration-all-locationbl" produces="application/json" verb="POST"/>
  </prgs:resource>
  <prgs:resource consumes="application/json" name="_egPropertyLoad" path="/egPropertyLoad" produces="application/json">
    <prgs:operation consumes="application/json" idls="VHPWebBased/.services/web-get-eg-propertybl.pidl::com.progress.openedge.pdt.bpmbindings" name="web-get-eg-propertybl" produces="application/json" verb="POST"/>
  </prgs:resource>
</prgs:model>
